pdid,name,target_name,gene_name,target_type,activity_biochemical,SMILES_std,mw,hba,hbd,rb,logp,tpsa,moa_label,Standardized_SMILES,SMILES_protonated_7.4,morgan_fps,set,cluster
PD121477,CHEMBL3416132,Protein mono-ADP-ribosyltransferase PARP10,PARP10,single protein,4.39,O=C1NCCc2ccc(Cl)cc21,181.03,1.0,1.0,0.0,1.63,29.1,PARP,O=C1NCCc2ccc(Cl)cc21,ClC1=CC=C2CCNC(=O)C2=C1,<rdkit.DataStructs.cDataStructs.ExplicitBitVect object at 0x746fc75d9000>,tr,0
PD003609,CHM-1,Tubulin beta-2B chain,TUBB2B,single protein,6.07,O=c1cc(-c2ccccc2F)[nH]c2cc3c(cc12)OCO3,283.06,3.0,1.0,1.0,3.06,51.32,TUBULIN,O=c1cc(-c2ccccc2F)[nH]c2cc3c(cc12)OCO3,FC1=CC=CC=C1C1=CC(=O)C2=CC3=C(OCO3)C=C2N1,<rdkit.DataStructs.cDataStructs.ExplicitBitVect object at 0x746fc75d8f20>,tr,1
PD119876,DHNQ,Aurora kinase A,AURKA,single protein,7.05,O=C1C=CC(=O)c2c(O)ccc(O)c21,190.03,4.0,2.0,0.0,1.03,74.6,AURORA KINASE,O=C1C=CC(=O)c2c(O)ccc(O)c21,OC1=C2C(=O)C=CC(=O)C2=C(O)C=C1,<rdkit.DataStructs.cDataStructs.ExplicitBitVect object at 0x746fc75d92a0>,tr,2
PD041146,EF24,RAC-beta serine/threonine-protein kinase,AKT2,single protein,6.14,O=C1/C(=C/c2ccccc2F)CNC/C1=C\c1ccccc1F,311.11,2.0,1.0,2.0,3.6,29.1,AKT,O=C1/C(=C/c2ccccc2F)CNC/C1=C\c1ccccc1F,FC1=CC=CC=C1\C=C1/CNC\C(=C/C2=CC=CC=C2F)C1=O,<rdkit.DataStructs.cDataStructs.ExplicitBitVect object at 0x746fc75d9070>,tr,3
PD150828,GOSSYPIN,Aurora kinase B,AURKB,single protein,4.96,O=c1c(O)c(-c2ccc(O)c(O)c2)oc2c(O[C@@H]3O[C@H](CO)[C@@H](O)[C@H](O)[C@H]3O)c(O)cc(O)c12,480.09,13.0,9.0,4.0,-0.83,230.74,AURORA KINASE,O=c1c(O)c(-c2ccc(O)c(O)c2)oc2c(O[C@@H]3O[C@H](CO)[C@@H](O)[C@H](O)[C@H]3O)c(O)cc(O)c12,OC[C@H]1O[C@@H](OC2=C3OC(=C([O-])C(=O)C3=C(O)C=C2[O-])C2=CC=C(O)C(O)=C2)[C@H](O)[C@@H](O)[C@@H]1O,<rdkit.DataStructs.cDataStructs.ExplicitBitVect object at 0x746fc75d9310>,tr,4
PD003753,GW770249X,Vascular endothelial growth factor receptor 3,FLT4,single protein,8.12,Nc1ncnc2occ(-c3ccc(NC(=O)Nc4cc(C(F)(F)F)ccc4F)cc3)c12,431.1,5.0,3.0,3.0,5.27,106.07,TYROSINE KINASE,Nc1ncnc2occ(-c3ccc(NC(=O)Nc4cc(C(F)(F)F)ccc4F)cc3)c12,NC1=C2C(OC=C2C2=CC=C(NC(=O)NC3=CC(=CC=C3F)C(F)(F)F)C=C2)=NC=N1,<rdkit.DataStructs.cDataStructs.ExplicitBitVect object at 0x746fc75d8970>,tr,4
PD040184,NSC 33994,Tyrosine-protein kinase JAK2,JAK2,single protein,7.22,CC/C(=C(/CC)c1ccc(O)c(CN(CC)CC)c1)c1ccc(O)c(CN(CC)CC)c1,438.32,4.0,2.0,12.0,6.51,46.94,JAK,CC/C(=C(/CC)c1ccc(O)c(CN(CC)CC)c1)c1ccc(O)c(CN(CC)CC)c1,CC[NH+](CC)CC1=CC(=CC=C1O)C(\CC)=C(/CC)C1=CC=C(O)C(C[NH+](CC)CC)=C1,<rdkit.DataStructs.cDataStructs.ExplicitBitVect object at 0x746fc75d8dd0>,tr,5
PD097815,OSM-S-171,Poly [ADP-ribose] polymerase 1,PARP1,single protein,4.85,O=c1[nH]cnc2ccsc12,152.0,3.0,1.0,0.0,0.98,45.75,PARP,O=c1[nH]cnc2ccsc12,O=C1NC=NC2=C1SC=C2,<rdkit.DataStructs.cDataStructs.ExplicitBitVect object at 0x746fc75d89e0>,tr,7
PD164656,PARP1-IN-5 (dihydrochloride),Poly [ADP-ribose] polymerase 1,PARP1,single protein,7.54,O=c1cc(-c2ccc(O)cc2)oc2c(CN3CCN(Cc4cccs4)CC3)c(O)cc(O)c12,464.14,8.0,3.0,5.0,3.96,97.38,PARP,O=c1cc(-c2ccc(O)cc2)oc2c(CN3CCN(Cc4cccs4)CC3)c(O)cc(O)c12,OC1=CC=C(C=C1)C1=CC(=O)C2=C([O-])C=C([O-])C(CN3CCN(CC4=CC=CS4)CC3)=C2O1,<rdkit.DataStructs.cDataStructs.ExplicitBitVect object at 0x746fc75d8f90>,tr,8
PD199656,PARP10-IN-2,Protein mono-ADP-ribosyltransferase PARP10,PARP10,single protein,5.44,N#Cc1ccc(Oc2ccc(C(N)=O)cc2)cc1,238.07,3.0,1.0,3.0,2.45,76.11,PARP,N#Cc1ccc(Oc2ccc(C(N)=O)cc2)cc1,NC(=O)C1=CC=C(OC2=CC=C(C=C2)C#N)C=C1,<rdkit.DataStructs.cDataStructs.ExplicitBitVect object at 0x746fc75d91c0>,tr,9
PD171251,PARP10/15-IN-1,Protein mono-ADP-ribosyltransferase PARP10,PARP10,single protein,6.8,O=c1[nH][nH]c(=O)c2cc(OCc3ccsc3)ccc12,274.04,4.0,2.0,3.0,1.86,74.95,PARP,O=c1[nH][nH]c(=O)c2cc(OCc3ccsc3)ccc12,[O-]C1=C2C=CC(OCC3=CSC=C3)=CC2=C([O-])N=N1,<rdkit.DataStructs.cDataStructs.ExplicitBitVect object at 0x746fc75d9150>,tr,10
PD004853,PD004853,Vascular endothelial growth factor receptor 1,FLT1,single protein,6.14,c1ccc2[nH]c(-c3[nH]nc4ccccc34)nc2c1,234.09,2.0,2.0,1.0,3.11,57.36,TYROSINE KINASE,c1ccc2[nH]c(-c3[nH]nc4ccccc34)nc2c1,N1N=C(C2=NC3=CC=CC=C3N2)C2=CC=CC=C12,<rdkit.DataStructs.cDataStructs.ExplicitBitVect object at 0x746fc75d9230>,tr,10
PD006048,PD006048,Tyrosine-protein kinase JAK2,JAK2,single protein,5.8,Nc1[nH]nc2ccc(-c3ccccc3)cc12,209.1,2.0,2.0,1.0,2.81,54.7,JAK,Nc1[nH]nc2ccc(-c3ccccc3)cc12,NC1=NNC2=CC=C(C=C12)C1=CC=CC=C1,<rdkit.DataStructs.cDataStructs.ExplicitBitVect object at 0x746fc75d8d60>,tr,11
PD019544,PD019544,RAC-alpha serine/threonine-protein kinase,AKT1,single protein,4.57,Cc1cc(C)cc(C(=O)NC(=S)Nc2cc([N+](=O)[O-])ccc2O)c1,345.08,5.0,3.0,3.0,3.04,104.5,AKT,Cc1cc(C)cc(C(=O)NC(=S)Nc2cc([N+](=O)[O-])ccc2O)c1,CC1=CC(=CC(C)=C1)C(=O)NC(=S)NC1=CC(=CC=C1[O-])[N+]([O-])=O,<rdkit.DataStructs.cDataStructs.ExplicitBitVect object at 0x747067496a40>,tr,10
PD040846,PD040846,Poly [ADP-ribose] polymerase 1,PARP1,single protein,5.07,Nc1ccc2oc(=O)ccc2c1I,286.94,3.0,1.0,0.0,1.98,56.23,PARP,Nc1ccc2oc(=O)ccc2c1I,NC1=CC=C2OC(=O)C=CC2=C1I,<rdkit.DataStructs.cDataStructs.ExplicitBitVect object at 0x7470674940b0>,tr,14
PD069649,PD069649,Tyrosine-protein kinase JAK2,JAK2,single protein,5.16,O=C(O)c1[nH]c(=O)[nH]c(=O)c1F,174.01,3.0,3.0,1.0,-1.1,103.02,JAK,O=C(O)c1[nH]c(=O)[nH]c(=O)c1F,[O-]C(=O)C1=C(F)C(=O)N=C([O-])[N-]1,<rdkit.DataStructs.cDataStructs.ExplicitBitVect object at 0x747067494970>,tr,13
PD178165,PD178165,Receptor-type tyrosine-protein kinase FLT3,FLT3,single protein,5.75,O=C1Nc2ccccc2/C1=C\c1ccc(O)cc1,237.08,2.0,2.0,1.0,3.53,52.82,TYROSINE KINASE,O=C1Nc2ccccc2/C1=C\c1ccc(O)cc1,OC1=CC=C(\C=C2\C(=O)NC3=CC=CC=C23)C=C1,<rdkit.DataStructs.cDataStructs.ExplicitBitVect object at 0x747067494c10>,tr,15
PD196820,PD196820,DNA topoisomerase 2-alpha,TOP2A,single protein,4.57,O=C(O)C[C@H](NC(=O)OCc1ccccc1)C(=O)O,267.07,4.0,3.0,6.0,0.84,112.93,TOPOISOMERASE,O=C(O)C[C@H](NC(=O)OCc1ccccc1)C(=O)O,[O-]C(=O)C[C@H](NC(=O)OCC1=CC=CC=C1)C([O-])=O,<rdkit.DataStructs.cDataStructs.ExplicitBitVect object at 0x747067496b20>,tr,9
PD000900,SINENSETIN,Aurora kinase B,AURKB,single protein,5.27,COc1ccc(-c2cc(=O)c3c(OC)c(OC)c(OC)cc3o2)cc1OC,372.12,7.0,0.0,6.0,3.5,76.36,AURORA KINASE,COc1ccc(-c2cc(=O)c3c(OC)c(OC)c(OC)cc3o2)cc1OC,COC1=CC=C(C=C1OC)C1=CC(=O)C2=C(OC)C(OC)=C(OC)C=C2O1,<rdkit.DataStructs.cDataStructs.ExplicitBitVect object at 0x747067496570>,tr,16
PD158565,SULFURETIN,Aurora kinase A,AURKA,single protein,6.07,O=C1/C(=C/c2ccc(O)c(O)c2)Oc2cc(O)ccc21,270.05,5.0,3.0,1.0,2.42,86.99,AURORA KINASE,O=C1/C(=C/c2ccc(O)c(O)c2)Oc2cc(O)ccc21,OC1=CC=C2C(=O)\C(OC2=C1)=C\C1=CC=C(O)C(O)=C1,<rdkit.DataStructs.cDataStructs.ExplicitBitVect object at 0x747067495c40>,tr,17
PD154949,VEGFR-3-IN-1,Vascular endothelial growth factor receptor 3,FLT4,single protein,6.96,CN1CCN(c2ccc(-c3cc4c(N5CCN(C(=O)Nc6ccc(Cl)c(C(F)(F)F)c6)CC5)ncnc4s3)cc2)CC1,615.18,7.0,1.0,4.0,6.14,67.84,TYROSINE KINASE,CN1CCN(c2ccc(-c3cc4c(N5CCN(C(=O)Nc6ccc(Cl)c(C(F)(F)F)c6)CC5)ncnc4s3)cc2)CC1,C[NH+]1CCN(CC1)C1=CC=C(C=C1)C1=CC2=C(N=CN=C2S1)N1CCN(CC1)C(=O)NC1=CC=C(Cl)C(=C1)C(F)(F)F,<rdkit.DataStructs.cDataStructs.ExplicitBitVect object at 0x747067495ee0>,tr,18
PD004376,(R)-CR8,Cyclin-dependent kinase 1,CDK1,single protein,7.39,CC[C@H](CO)Nc1nc(NCc2ccc(-c3ccccn3)cc2)c2ncn(C(C)C)c2n1,431.24,8.0,3.0,9.0,4.26,100.78,CDK,CC[C@H](CO)Nc1nc(NCc2ccc(-c3ccccn3)cc2)c2ncn(C(C)C)c2n1,CC[C@H](CO)NC1=NC(NCC2=CC=C(C=C2)C2=CC=CC=N2)=C2N=CN(C(C)C)C2=N1,<rdkit.DataStructs.cDataStructs.ExplicitBitVect object at 0x747067497d80>,tr,17
PD012926,A-966492,Poly [ADP-ribose] polymerase 1,PARP1,single protein,9.0,NC(=O)c1cccc2[nH]c(-c3ccc([C@@H]4CCCN4)cc3F)nc12,324.14,3.0,3.0,3.0,2.89,83.8,PARP,NC(=O)c1cccc2[nH]c(-c3ccc([C@@H]4CCCN4)cc3F)nc12,NC(=O)C1=C2N=C(NC2=CC=C1)C1=CC=C(C=C1F)[C@@H]1CCC[NH2+]1,<rdkit.DataStructs.cDataStructs.ExplicitBitVect object at 0x747067497c30>,tr,8
PD038907,ABEMACICLIB,Cyclin-dependent kinase 4,CDK4,single protein,8.7,CCN1CCN(Cc2ccc(Nc3ncc(F)c(-c4cc(F)c5nc(C)n(C(C)C)c5c4)n3)nc2)CC1,506.27,8.0,1.0,7.0,4.94,75.0,CDK,CCN1CCN(Cc2ccc(Nc3ncc(F)c(-c4cc(F)c5nc(C)n(C(C)C)c5c4)n3)nc2)CC1,CC[NH+]1CCN(CC2=CC=C(NC3=NC=C(F)C(=N3)C3=CC(F)=C4N=C(C)N(C(C)C)C4=C3)N=C2)CC1,<rdkit.DataStructs.cDataStructs.ExplicitBitVect object at 0x7470674947b0>,tr,16
PD011147,ABEXINOSTAT,Histone deacetylase 1,HDAC1,single protein,8.15,CN(C)Cc1c(C(=O)NCCOc2ccc(C(O)=NO)cc2)oc2ccccc12,397.16,6.0,3.0,8.0,2.42,104.04,HDAC,CN(C)Cc1c(C(=O)NCCOc2ccc(C(O)=NO)cc2)oc2ccccc12,C[NH+](C)CC1=C(OC2=CC=CC=C12)C(=O)NCCOC1=CC=C(C=C1)C(O)N=O,<rdkit.DataStructs.cDataStructs.ExplicitBitVect object at 0x7470674943c0>,tr,19
PD011108,ABT-751,Tubulin alpha-1A chain,TUBA1A,single protein,5.51,COc1ccc(S(=O)(=O)Nc2cccnc2Nc2ccc(O)cc2)cc1,371.09,6.0,3.0,6.0,3.34,100.55,TUBULIN,COc1ccc(S(=O)(=O)Nc2cccnc2Nc2ccc(O)cc2)cc1,COC1=CC=C(C=C1)S(=O)(=O)[N-]C1=CC=CN=C1NC1=CC=C(O)C=C1,<rdkit.DataStructs.cDataStructs.ExplicitBitVect object at 0x747067494cf0>,tr,
PD038508,AC710,Receptor-type tyrosine-protein kinase FLT3,FLT3,single protein,9.3,CCN1C(C)(C)CC(Oc2ccc(C(=O)Nc3ccc(NC(=O)Nc4cc(C(C)(C)C)on4)cc3)nc2)CC1(C)C,562.33,7.0,3.0,7.0,6.68,121.62,TYROSINE KINASE,CCN1C(C)(C)CC(Oc2ccc(C(=O)Nc3ccc(NC(=O)Nc4cc(C(C)(C)C)on4)cc3)nc2)CC1(C)C,CC[NH+]1C(C)(C)CC(CC1(C)C)OC1=CC=C(N=C1)C(=O)NC1=CC=C(NC(=O)NC2=NOC(=C2)C(C)(C)C)C=C1,<rdkit.DataStructs.cDataStructs.ExplicitBitVect object at 0x747067497140>,tr,22
PD117623,ACY-1083,Histone deacetylase 6,HDAC6,single protein,8.52,ON=C(O)c1cnc(NC2(c3ccccc3)CCC(F)(F)CC2)nc1,348.14,5.0,3.0,4.0,3.11,87.14,HDAC,ON=C(O)c1cnc(NC2(c3ccccc3)CCC(F)(F)CC2)nc1,ONC(=O)C1=CN=C(NC2(CCC(F)(F)CC2)C2=CC=CC=C2)N=C1,<rdkit.DataStructs.cDataStructs.ExplicitBitVect object at 0x747067494430>,tr,19
PD117646,ACY-957,Histone deacetylase 1,HDAC1,single protein,8.28,Nc1ccc(-c2cccs2)cc1NC(=O)c1ccc2nc(N3CCNCC3)ccc2c1,429.16,6.0,3.0,4.0,4.21,83.28,HDAC,Nc1ccc(-c2cccs2)cc1NC(=O)c1ccc2nc(N3CCNCC3)ccc2c1,NC1=CC=C(C=C1NC(=O)C1=CC2=CC=C(N=C2C=C1)N1CC[NH2+]CC1)C1=CC=CS1,<rdkit.DataStructs.cDataStructs.ExplicitBitVect object at 0x7470674968f0>,tr,6
PD011169,AEE-788,Epidermal growth factor receptor,EGFR,single protein,8.7,CCN1CCN(Cc2ccc(-c3cc4c(N[C@H](C)c5ccccc5)ncnc4[nH]3)cc2)CC1,440.27,5.0,2.0,7.0,4.94,60.08,EGFR,CCN1CCN(Cc2ccc(-c3cc4c(N[C@H](C)c5ccccc5)ncnc4[nH]3)cc2)CC1,CC[NH+]1CCN(CC2=CC=C(C=C2)C2=CC3=C(N[C@H](C)C4=CC=CC=C4)[NH+]=CN=C3N2)CC1,<rdkit.DataStructs.cDataStructs.ExplicitBitVect object at 0x7470674967a0>,tr,16
PD143540,AES-350,Histone deacetylase 6,HDAC6,single protein,7.62,CC(C)(C)c1ccc(C(=O)Nc2ccc(C(O)=NO)cc2)cc1,312.15,3.0,3.0,3.0,3.36,78.43,HDAC,CC(C)(C)c1ccc(C(=O)Nc2ccc(C(O)=NO)cc2)cc1,CC(C)(C)C1=CC=C(C=C1)C(=O)NC1=CC=C(C=C1)C(O)N=O,<rdkit.DataStructs.cDataStructs.ExplicitBitVect object at 0x747067496030>,tr,21
PD003373,AFATINIB,Epidermal growth factor receptor,EGFR,single protein,9.3,CN(C)C/C=C/C(=O)Nc1cc2c(Nc3ccc(F)c(Cl)c3)ncnc2cc1O[C@H]1CCOC1,485.16,7.0,2.0,8.0,4.39,88.61,EGFR,CN(C)C/C=C/C(=O)Nc1cc2c(Nc3ccc(F)c(Cl)c3)ncnc2cc1O[C@H]1CCOC1,C[NH+](C)C\C=C\C(=O)NC1=CC2=C(NC3=CC=C(F)C(Cl)=C3)N=CN=C2C=C1O[C@H]1CCOC1,<rdkit.DataStructs.cDataStructs.ExplicitBitVect object at 0x7470674961f0>,tr,
PD012538,AFURESERTIB,RAC-alpha serine/threonine-protein kinase,AKT1,single protein,10.1,Cn1ncc(Cl)c1-c1cc(C(=O)N[C@H](CN)Cc2cccc(F)c2)sc1Cl,426.05,5.0,2.0,6.0,3.89,72.94,AKT,Cn1ncc(Cl)c1-c1cc(C(=O)N[C@H](CN)Cc2cccc(F)c2)sc1Cl,CN1N=CC(Cl)=C1C1=C(Cl)SC(=C1)C(=O)N[C@H](C[NH3+])CC1=CC=CC(F)=C1,<rdkit.DataStructs.cDataStructs.ExplicitBitVect object at 0x747067495e00>,tr,
PD015010,AG 112,Epidermal growth factor receptor,EGFR,single protein,6.9,N#C/C(=C\c1ccc(O)cc1)C(=N)C(C#N)C#N,236.07,5.0,2.0,2.0,1.56,117.62,EGFR,N#C/C(=C\c1ccc(O)cc1)C(=N)C(C#N)C#N,NC(\C(=C\C1=CC=C([O-])C=C1)C#N)=C(C#N)C#N,<rdkit.DataStructs.cDataStructs.ExplicitBitVect object at 0x747067497a70>,tr,
PD010840,AG-14361,Poly [ADP-ribose] polymerase 1,PARP1,single protein,8.24,CN(C)Cc1ccc(-c2nc3cccc4c3n2CCNC4=O)cc1,320.16,4.0,1.0,3.0,2.51,50.16,PARP,CN(C)Cc1ccc(-c2nc3cccc4c3n2CCNC4=O)cc1,C[NH+](C)CC1=CC=C(C=C1)C1=NC2=CC=CC3=C2N1CCNC3=O,<rdkit.DataStructs.cDataStructs.ExplicitBitVect object at 0x747067495310>,tr,28
PD002607,AG-1478,Epidermal growth factor receptor,EGFR,single protein,8.22,COc1cc2ncnc(Nc3cccc(Cl)c3)c2cc1OC,315.08,5.0,1.0,4.0,4.04,56.27,EGFR,COc1cc2ncnc(Nc3cccc(Cl)c3)c2cc1OC,COC1=CC2=NC=NC(NC3=CC=CC(Cl)=C3)=C2C=C1OC,<rdkit.DataStructs.cDataStructs.ExplicitBitVect object at 0x747067495d20>,tr,
PD156546,AKI603,Aurora kinase A,AURKA,single protein,7.92,Cc1cc(Nc2cc(N3CCN(C)CC3)nc(Nc3ccc([N+](=O)[O-])cc3)n2)[nH]n1,409.2,9.0,3.0,6.0,2.66,128.14,AURORA KINASE,Cc1cc(Nc2cc(N3CCN(C)CC3)nc(Nc3ccc([N+](=O)[O-])cc3)n2)[nH]n1,C[NH+]1CCN(CC1)C1=NC(NC2=CC=C(C=C2)[N+]([O-])=O)=NC(NC2=NNC(C)=C2)=C1,<rdkit.DataStructs.cDataStructs.ExplicitBitVect object at 0x747067496810>,tr,
PD003337,ALISERTIB,Aurora kinase A,AURKA,single protein,9.0,COc1cc(Nc2ncc3c(n2)-c2ccc(Cl)cc2C(c2c(F)cccc2OC)=NC3)ccc1C(=O)O,518.12,7.0,2.0,6.0,5.75,105.93,AURORA KINASE,COc1cc(Nc2ncc3c(n2)-c2ccc(Cl)cc2C(c2c(F)cccc2OC)=NC3)ccc1C(=O)O,COC1=CC(NC2=NC=C3CN=C(C4=CC(Cl)=CC=C4C3=N2)C2=C(F)C=CC=C2OC)=CC=C1C([O-])=O,<rdkit.DataStructs.cDataStructs.ExplicitBitVect object at 0x747067496730>,tr,
PD012516,AMG 925,Receptor-type tyrosine-protein kinase FLT3,FLT3,single protein,9.0,C[C@H]1CC[C@H](n2c3cnccc3c3cnc(Nc4ccc5c(n4)CCN(C(=O)CO)C5)nc32)CC1,471.24,8.0,2.0,4.0,3.75,109.06,TYROSINE KINASE,C[C@H]1CC[C@H](n2c3cnccc3c3cnc(Nc4ccc5c(n4)CCN(C(=O)CO)C5)nc32)CC1,C[C@H]1CC[C@@H](CC1)N1C2=C(C=CN=C2)C2=C1N=C(NC1=CC=C3CN(CCC3=N1)C(=O)CO)N=C2,<rdkit.DataStructs.cDataStructs.ExplicitBitVect object at 0x747067496110>,tr,
PD003228,AMG-900,Aurora kinase C,AURKC,single protein,9.0,Cc1csc(-c2nnc(Nc3ccc(Oc4ncccc4-c4ccnc(N)n4)cc3)c3ccccc23)c1,503.15,9.0,2.0,6.0,6.64,111.73,AURORA KINASE,Cc1csc(-c2nnc(Nc3ccc(Oc4ncccc4-c4ccnc(N)n4)cc3)c3ccccc23)c1,CC1=CSC(=C1)C1=C2C=CC=CC2=C(NC2=CC=C(OC3=NC=CC=C3C3=CC=NC(N)=N3)C=C2)N=N1,<rdkit.DataStructs.cDataStructs.ExplicitBitVect object at 0x747067495fc0>,tr,
PD004706,AT-7519,Cyclin-dependent kinase-like 5,CDKL5,single protein,8.59,O=C(NC1CCNCC1)c1[nH]ncc1NC(=O)c1c(Cl)cccc1Cl,381.08,4.0,4.0,4.0,2.45,98.91,CDK,O=C(NC1CCNCC1)c1[nH]ncc1NC(=O)c1c(Cl)cccc1Cl,ClC1=CC=CC(Cl)=C1C(=O)NC1=CNN=C1C(=O)NC1CC[NH2+]CC1,<rdkit.DataStructs.cDataStructs.ExplicitBitVect object at 0x747067495cb0>,tr,
PD003534,AT7867,RAC-beta serine/threonine-protein kinase,AKT2,single protein,4.75,Clc1ccc(C2(c3ccc(-c4cn[nH]c4)cc3)CCNCC2)cc1,337.13,2.0,2.0,3.0,4.4,40.71,AKT,Clc1ccc(C2(c3ccc(-c4cn[nH]c4)cc3)CCNCC2)cc1,ClC1=CC=C(C=C1)C1(CC[NH2+]CC1)C1=CC=C(C=C1)C1=CNN=C1,<rdkit.DataStructs.cDataStructs.ExplicitBitVect object at 0x747067495bd0>,tr,
PD013106,ATORVASTATIN,3-hydroxy-3-methylglutaryl-coenzyme A reductase,HMGCR,single protein,7.98,CC(C)c1c(C(=O)Nc2ccccc2)c(-c2ccccc2)c(-c2ccc(F)cc2)n1CC[C@@H](O)C[C@@H](O)CC(=O)O,558.25,5.0,4.0,12.0,6.31,111.79,HMGCR,CC(C)c1c(C(=O)Nc2ccccc2)c(-c2ccccc2)c(-c2ccc(F)cc2)n1CC[C@@H](O)C[C@@H](O)CC(=O)O,CC(C)C1=C(C(=O)NC2=CC=CC=C2)C(=C(N1CC[C@@H](O)C[C@@H](O)CC([O-])=O)C1=CC=C(F)C=C1)C1=CC=CC=C1,<rdkit.DataStructs.cDataStructs.ExplicitBitVect object at 0x7470674955b0>,tr,
PD003467,AXITINIB,Vascular endothelial growth factor receptor 3,FLT4,single protein,10.0,CNC(=O)c1ccccc1Sc1ccc2c(/C=C/c3ccccn3)[nH]nc2c1,386.12,4.0,2.0,5.0,4.64,70.67,TYROSINE KINASE,CNC(=O)c1ccccc1Sc1ccc2c(/C=C/c3ccccn3)[nH]nc2c1,CNC(=O)C1=CC=CC=C1SC1=CC=C2C(NN=C2\C=C\C2=CC=CC=N2)=C1,<rdkit.DataStructs.cDataStructs.ExplicitBitVect object at 0x7470674959a0>,tr,
PD010824,AZ-960,Tyrosine-protein kinase JAK2,JAK2,single protein,9.35,Cc1cc(Nc2nc(N[C@@H](C)c3ccc(F)cc3)c(C#N)cc2F)[nH]n1,354.14,5.0,3.0,5.0,4.18,89.42,JAK,Cc1cc(Nc2nc(N[C@@H](C)c3ccc(F)cc3)c(C#N)cc2F)[nH]n1,C[C@H](NC1=C(C=C(F)C(NC2=NNC(C)=C2)=N1)C#N)C1=CC=C(F)C=C1,<rdkit.DataStructs.cDataStructs.ExplicitBitVect object at 0x747067495850>,tr,
PD012313,AZ5104,Epidermal growth factor receptor,EGFR,single protein,7.48,C=CC(=O)Nc1cc(Nc2nccc(-c3c[nH]c4ccccc34)n2)c(OC)cc1N(C)CCN(C)C,485.25,7.0,3.0,10.0,4.5,98.41,EGFR,C=CC(=O)Nc1cc(Nc2nccc(-c3c[nH]c4ccccc34)n2)c(OC)cc1N(C)CCN(C)C,COC1=C(NC2=NC=CC(=N2)C2=CNC3=CC=CC=C23)C=C(NC(=O)C=C)C(=C1)N(C)CC[NH+](C)C,<rdkit.DataStructs.cDataStructs.ExplicitBitVect object at 0x747067495700>,tr,
PD131625,AZ9482,Protein mono-ADP-ribosyltransferase PARP3,PARP3,single protein,7.34,N#Cc1cccnc1N1CCN(C(=O)c2cccc(Cc3n[nH]c(=O)c4ccccc34)c2)CC1,450.18,6.0,1.0,4.0,2.74,105.98,PARP,N#Cc1cccnc1N1CCN(C(=O)c2cccc(Cc3n[nH]c(=O)c4ccccc34)c2)CC1,O=C(N1CCN(CC1)C1=NC=CC=C1C#N)C1=CC=CC(CC2=NNC(=O)C3=CC=CC=C23)=C1,<rdkit.DataStructs.cDataStructs.ExplicitBitVect object at 0x7470674954d0>,tr,
PD003227,AZD-1152-HQPA,Aurora kinase B,AURKB,single protein,8.67,CCN(CCO)CCCOc1ccc2c(Nc3cc(CC(=O)Nc4cccc(F)c4)[nH]n3)ncnc2c1,507.24,8.0,4.0,13.0,3.5,128.29,AURORA KINASE,CCN(CCO)CCCOc1ccc2c(Nc3cc(CC(=O)Nc4cccc(F)c4)[nH]n3)ncnc2c1,CC[NH+](CCO)CCCOC1=CC2=NC=NC(NC3=NNC(CC(=O)NC4=CC=CC(F)=C4)=C3)=C2C=C1,<rdkit.DataStructs.cDataStructs.ExplicitBitVect object at 0x7470674953f0>,tr,
PD010916,AZD-5438,Cyclin-dependent kinase 2,CDK2,single protein,8.22,Cc1ncc(-c2ccnc(Nc3ccc(S(C)(=O)=O)cc3)n2)n1C(C)C,371.14,7.0,1.0,5.0,3.38,89.77,CDK,Cc1ncc(-c2ccnc(Nc3ccc(S(C)(=O)=O)cc3)n2)n1C(C)C,CC(C)N1C(C)=NC=C1C1=CC=NC(NC2=CC=C(C=C2)S(C)(=O)=O)=N1,<rdkit.DataStructs.cDataStructs.ExplicitBitVect object at 0x747067494a50>,tr,
PD003359,AZD-8055,Serine/threonine-protein kinase mTOR,MTOR,single protein,9.1,COc1ccc(-c2ccc3c(N4CCOC[C@@H]4C)nc(N4CCOC[C@@H]4C)nc3n2)cc1CO,465.24,9.0,1.0,5.0,2.64,93.07,MTOR,COc1ccc(-c2ccc3c(N4CCOC[C@@H]4C)nc(N4CCOC[C@@H]4C)nc3n2)cc1CO,COC1=CC=C(C=C1CO)C1=NC2=NC(=NC(N3CCOC[C@@H]3C)=C2C=C1)N1CCOC[C@@H]1C,<rdkit.DataStructs.cDataStructs.ExplicitBitVect object at 0x747067494660>,tr,
PD154867,AZD5305,Poly [ADP-ribose] polymerase 1,PARP1,single protein,8.4,CCc1cc2ncc(CN3CCN(c4ccc(C(=O)NC)nc4)CC3)cc2[nH]c1=O,406.21,6.0,2.0,5.0,1.56,94.22,PARP,CCc1cc2ncc(CN3CCN(c4ccc(C(=O)NC)nc4)CC3)cc2[nH]c1=O,CCC1=CC2=NC=C(C[NH+]3CCN(CC3)C3=CC=C(N=C3)C(=O)NC)C=C2NC1=O,<rdkit.DataStructs.cDataStructs.ExplicitBitVect object at 0x7470674976f0>,tr,
PD078731,Abrocitinib,Tyrosine-protein kinase JAK1,JAK1,single protein,7.54,CCCS(=O)(=O)N[C@H]1C[C@@H](N(C)c2ncnc3[nH]ccc23)C1,323.14,5.0,2.0,6.0,1.25,90.98,JAK,CCCS(=O)(=O)N[C@H]1C[C@@H](N(C)c2ncnc3[nH]ccc23)C1,CCCS(=O)(=O)N[C@H]1C[C@H](C1)N(C)C1=C2C=CNC2=NC=[NH+]1,<rdkit.DataStructs.cDataStructs.ExplicitBitVect object at 0x747067496ff0>,tr,
PD056639,Anlotinib,Vascular endothelial growth factor receptor 3,FLT4,single protein,9.0,COc1cc2c(Oc3ccc4[nH]c(C)cc4c3F)ccnc2cc1OCC1(N)CC1,407.16,5.0,2.0,6.0,4.83,82.39,TYROSINE KINASE,COc1cc2c(Oc3ccc4[nH]c(C)cc4c3F)ccnc2cc1OCC1(N)CC1,COC1=CC2=C(OC3=CC=C4NC(C)=CC4=C3F)C=CN=C2C=C1OCC1([NH3+])CC1,<rdkit.DataStructs.cDataStructs.ExplicitBitVect object at 0x7470674973e0>,tr,
PD011189,Aurora A inhibitor I,Aurora kinase A,AURKA,single protein,8.47,CCN1CCN(C(=O)Cc2ccc(Nc3ncc(F)c(Nc4ccc(C(=O)Nc5ccccc5Cl)cc4)n3)cc2)CC1,587.22,7.0,3.0,9.0,5.72,102.49,AURORA KINASE,CCN1CCN(C(=O)Cc2ccc(Nc3ncc(F)c(Nc4ccc(C(=O)Nc5ccccc5Cl)cc4)n3)cc2)CC1,CC[NH+]1CCN(CC1)C(=O)CC1=CC=C(NC2=NC=C(F)C(NC3=CC=C(C=C3)C(=O)NC3=CC=CC=C3Cl)=N2)C=C1,<rdkit.DataStructs.cDataStructs.ExplicitBitVect object at 0x747067494b30>,tr,
PD010550,BARICITINIB,Tyrosine-protein kinase JAK1,JAK1,single protein,8.32,CCS(=O)(=O)N1CC(CC#N)(n2cc(-c3ncnc4[nH]ccc34)cn2)C1,371.12,7.0,1.0,5.0,1.1,120.56,JAK,CCS(=O)(=O)N1CC(CC#N)(n2cc(-c3ncnc4[nH]ccc34)cn2)C1,CCS(=O)(=O)N1CC(CC#N)(C1)N1C=C(C=N1)C1=C2C=CNC2=NC=N1,<rdkit.DataStructs.cDataStructs.ExplicitBitVect object at 0x7470674946d0>,tr,
PD003512,BELINOSTAT,Histone deacetylase 1,HDAC1,single protein,8.23,O=S(=O)(Nc1ccccc1)c1cccc(/C=C/C(O)=NO)c1,318.07,4.0,3.0,5.0,2.01,95.5,HDAC,O=S(=O)(Nc1ccccc1)c1cccc(/C=C/C(O)=NO)c1,O=NC(=O)CCC1=CC(=CC=C1)S(=O)(=O)NC1=CC=CC=C1,<rdkit.DataStructs.cDataStructs.ExplicitBitVect object at 0x7470674942e0>,tr,23
PD003516,BENDAMUSTINE,Histone deacetylase 6,HDAC6,single protein,8.11,Cn1c(CCCC(=O)O)nc2cc(N(CCCl)CCCl)ccc21,357.1,4.0,1.0,9.0,3.26,58.36,HDAC,Cn1c(CCCC(=O)O)nc2cc(N(CCCl)CCCl)ccc21,CN1C(CCCC([O-])=O)=NC2=CC(=CC=C12)N(CCCl)CCCl,<rdkit.DataStructs.cDataStructs.ExplicitBitVect object at 0x7470674970d0>,tr,34
PD012417,BG45,Histone deacetylase 3,HDAC3,single protein,6.54,Nc1ccccc1NC(=O)c1cnccn1,214.09,4.0,2.0,2.0,1.31,80.9,HDAC,Nc1ccccc1NC(=O)c1cnccn1,NC1=CC=CC=C1NC(=O)C1=CN=CC=N1,<rdkit.DataStructs.cDataStructs.ExplicitBitVect object at 0x7470674975a0>,tr,25
PD070571,BIBU 1361 dihydrochloride,Epidermal growth factor receptor,EGFR,single protein,8.52,CCN(CC)CC1CCN(c2ncc3ncnc(Nc4ccc(F)c(Cl)c4)c3n2)CC1,443.2,7.0,1.0,7.0,4.51,70.07,EGFR,CCN(CC)CC1CCN(c2ncc3ncnc(Nc4ccc(F)c(Cl)c4)c3n2)CC1,CC[NH+](CC)CC1CCN(CC1)C1=NC2=C(NC3=CC=C(F)C(Cl)=C3)N=CN=C2C=N1,<rdkit.DataStructs.cDataStructs.ExplicitBitVect object at 0x747067495380>,tr,
PD003264,BMS-265246,Cyclin-dependent kinase 1,CDK1,single protein,8.22,CCCCOc1c(C(=O)c2c(F)cc(C)cc2F)cnc2[nH]ncc12,345.13,4.0,1.0,6.0,3.95,67.87,CDK,CCCCOc1c(C(=O)c2c(F)cc(C)cc2F)cnc2[nH]ncc12,CCCCOC1=C(C=NC2=NNC=C12)C(=O)C1=C(F)C=C(C)C=C1F,<rdkit.DataStructs.cDataStructs.ExplicitBitVect object at 0x7470674951c0>,tr,
PD021511,BMS-599626,Epidermal growth factor receptor,EGFR,single protein,7.49,Cc1c(NC(=O)OC[C@@H]2COCCN2)cn2ncnc(Nc3ccc4c(cnn4Cc4cccc(F)c4)c3)c12,530.22,10.0,3.0,7.0,3.86,119.63,EGFR,Cc1c(NC(=O)OC[C@@H]2COCCN2)cn2ncnc(Nc3ccc4c(cnn4Cc4cccc(F)c4)c3)c12,CC1=C2N(C=C1NC(=O)OC[C@@H]1COCC[NH2+]1)N=CN=C2NC1=CC=C2N(CC3=CC=CC(F)=C3)N=CC2=C1,<rdkit.DataStructs.cDataStructs.ExplicitBitVect object at 0x747067495150>,tr,
PD036139,BMS-911543,Tyrosine-protein kinase JAK2,JAK2,single protein,9.0,CCn1c(C(=O)N(C2CC2)C2CC2)cc2c3c(ncn3C)c(Nc3cc(C)n(C)n3)nc21,432.24,8.0,1.0,6.0,3.5,85.8,JAK,CCn1c(C(=O)N(C2CC2)C2CC2)cc2c3c(ncn3C)c(Nc3cc(C)n(C)n3)nc21,CCN1C(=CC2=C1N=C(NC1=NN(C)C(C)=C1)C1=C2N(C)C=N1)C(=O)N(C1CC1)C1CC1,<rdkit.DataStructs.cDataStructs.ExplicitBitVect object at 0x747067495070>,tr,
PD003470,BRD3308,Histone deacetylase 3,HDAC3,single protein,7.19,CC(=O)Nc1ccc(C(=O)Nc2ccc(F)cc2N)cc1,287.11,3.0,3.0,3.0,2.62,84.22,HDAC,CC(=O)Nc1ccc(C(=O)Nc2ccc(F)cc2N)cc1,CC(=O)NC1=CC=C(C=C1)C(=O)NC1=CC=C(F)C=C1N,<rdkit.DataStructs.cDataStructs.ExplicitBitVect object at 0x747067494f20>,tr,37
PD080379,BRD6989,Cyclin-dependent kinase 8,CDK8,single protein,6.3,CC1CCc2nc(N)c(C#N)c(-c3cccnc3)c2C1,264.14,4.0,1.0,1.0,2.72,75.59,CDK,CC1CCc2nc(N)c(C#N)c(-c3cccnc3)c2C1,CC1CCC2=NC(N)=C(C#N)C(C3=CC=CN=C3)=C2C1,<rdkit.DataStructs.cDataStructs.ExplicitBitVect object at 0x747067494eb0>,tr,
PD012420,BRD73954,Histone deacetylase 6,HDAC6,single protein,7.44,O=C(NCCc1ccccc1)c1cccc(C(O)=NO)c1,284.12,3.0,3.0,5.0,1.78,78.43,HDAC,O=C(NCCc1ccccc1)c1cccc(C(O)=NO)c1,OC(N=O)C1=CC(=CC=C1)C(=O)NCCC1=CC=CC=C1,<rdkit.DataStructs.cDataStructs.ExplicitBitVect object at 0x747067494e40>,tr,39
PD017549,BS-181,Cyclin-dependent kinase 7,CDK7,single protein,7.68,CC(C)c1cnn2c(NCc3ccccc3)cc(NCCCCCCN)nc12,380.27,6.0,3.0,11.0,4.4,80.27,CDK,CC(C)c1cnn2c(NCc3ccccc3)cc(NCCCCCCN)nc12,CC(C)C1=C2N=C(NCCCCCC[NH3+])C=C(NCC3=CC=CC=C3)N2N=C1,<rdkit.DataStructs.cDataStructs.ExplicitBitVect object at 0x747067494d60>,tr,
PD011032,BX-912,Aurora kinase A,AURKA,single protein,7.86,O=C(Nc1cccc(Nc2ncc(Br)c(NCCc3c[nH]cn3)n2)c1)N1CCCC1,470.12,6.0,4.0,7.0,3.99,110.86,AURORA KINASE,O=C(Nc1cccc(Nc2ncc(Br)c(NCCc3c[nH]cn3)n2)c1)N1CCCC1,BrC1=CN=C(NC2=CC(NC(=O)N3CCCC3)=CC=C2)N=C1NCCC1=CNC=N1,<rdkit.DataStructs.cDataStructs.ExplicitBitVect object at 0x747067494c80>,tr,
PD021657,BYK 204165,Poly [ADP-ribose] polymerase 1,PARP1,single protein,7.35,Cn1cccc1/C=C1\C(=O)NC(=O)c2ccccc21,252.09,3.0,1.0,1.0,1.84,51.1,PARP,Cn1cccc1/C=C1\C(=O)NC(=O)c2ccccc21,CN1C=CC=C1\C=C1/C(=O)[N-]C(=[OH+])C2=CC=CC=C12,<rdkit.DataStructs.cDataStructs.ExplicitBitVect object at 0x747067494ba0>,tr,
PD003525,Bemcentinib,Receptor-type tyrosine-protein kinase FLT3,FLT3,single protein,8.7,Nc1nc(Nc2ccc3c(c2)CC[C@@H](N2CCCC2)CC3)nn1-c1cc2c(nn1)-c1ccccc1CCC2,506.29,8.0,2.0,4.0,4.88,97.78,TYROSINE KINASE,Nc1nc(Nc2ccc3c(c2)CC[C@@H](N2CCCC2)CC3)nn1-c1cc2c(nn1)-c1ccccc1CCC2,NC1=NC(NC2=CC=C3CC[C@@H](CCC3=C2)[NH+]2CCCC2)=NN1C1=CC2=C(N=N1)C1=CC=CC=C1CCC2,<rdkit.DataStructs.cDataStructs.ExplicitBitVect object at 0x747067494ac0>,tr,
PD088178,Benzoyleneurea,Poly [ADP-ribose] polymerase 1,PARP1,single protein,5.09,O=c1[nH]c(=O)c2ccccc2[nH]1,162.04,2.0,2.0,0.0,0.22,65.72,PARP,O=c1[nH]c(=O)c2ccccc2[nH]1,O=C1NC(=O)C2=CC=CC=C2N1,<rdkit.DataStructs.cDataStructs.ExplicitBitVect object at 0x7470674949e0>,tr,
PD184108,Benzyl-quinazolin-4-yl-amine,Epidermal growth factor receptor,EGFR,single protein,6.49,c1ccc(CNc2ncnc3ccccc23)cc1,235.11,2.0,1.0,2.0,2.66,41.04,EGFR,c1ccc(CNc2ncnc3ccccc23)cc1,C(NC1=NC=NC2=CC=CC=C12)C1=CC=CC=C1,<rdkit.DataStructs.cDataStructs.ExplicitBitVect object at 0x747067494900>,tr,
PD020218,CAY10554,Cyclin-dependent kinase 5,CDK5,single protein,7.19,CC(C)c1cnc(NC(=O)Cc2ccccc2)s1,260.1,3.0,1.0,4.0,3.45,41.99,CDK,CC(C)c1cnc(NC(=O)Cc2ccccc2)s1,CC(C)C1=CN=C(NC(=O)CC2=CC=CC=C2)S1,<rdkit.DataStructs.cDataStructs.ExplicitBitVect object at 0x747067494740>,tr,
PD003360,CAY10603,Histone deacetylase 3,HDAC3,single protein,8.7,CC(C)(C)OC(=O)Nc1ccc(-c2cc(C(=O)NCCCCCCC(O)=NO)no2)cc1,446.22,7.0,4.0,10.0,3.87,142.79,HDAC,CC(C)(C)OC(=O)Nc1ccc(-c2cc(C(=O)NCCCCCCC(O)=NO)no2)cc1,CC(C)(C)OC(=O)NC1=CC=C(C=C1)C1=CC(=NO1)C(=O)NCCCCCCC(=O)NO,<rdkit.DataStructs.cDataStructs.ExplicitBitVect object at 0x747067494580>,tr,
PD021148,CAY10626,Serine/threonine-protein kinase mTOR,MTOR,single protein,9.22,CN(C)CCN(C)C(=O)c1ccc(NC(=O)Nc2ccc(-c3nc(N4CCOCC4)c4ccn(CC(F)(F)F)c4n3)cc2)cc1,624.28,8.0,2.0,9.0,4.77,107.86,MTOR,CN(C)CCN(C)C(=O)c1ccc(NC(=O)Nc2ccc(-c3nc(N4CCOCC4)c4ccn(CC(F)(F)F)c4n3)cc2)cc1,CN(CC[NH+](C)C)C(=O)C1=CC=C(NC(=O)NC2=CC=C(C=C2)C2=NC(N3CCOCC3)=C3C=CN(CC(F)(F)F)C3=N2)C=C1,<rdkit.DataStructs.cDataStructs.ExplicitBitVect object at 0x747067494510>,tr,
PD051630,CC-223,Serine/threonine-protein kinase mTOR,MTOR,single protein,8.0,COC1CCC(N2C(=O)CNc3ncc(-c4ccc(C(C)(C)O)nc4)nc32)CC1,397.21,7.0,2.0,4.0,2.48,100.47,MTOR,COC1CCC(N2C(=O)CNc3ncc(-c4ccc(C(C)(C)O)nc4)nc32)CC1,COC1CCC(CC1)N1C(=O)CNC2=NC=C(N=C12)C1=CC=C(N=C1)C(C)(C)O,<rdkit.DataStructs.cDataStructs.ExplicitBitVect object at 0x7470674944a0>,tr,
PD010688,CCT 137690,Receptor-type tyrosine-protein kinase FLT3,FLT3,single protein,8.92,Cc1cc(CN2CCN(c3c(Br)cnc4[nH]c(-c5ccc(N6CCN(C)CC6)cc5)nc34)CC2)no1,550.18,8.0,1.0,5.0,3.76,80.56,TYROSINE KINASE,Cc1cc(CN2CCN(c3c(Br)cnc4[nH]c(-c5ccc(N6CCN(C)CC6)cc5)nc34)CC2)no1,C[NH+]1CCN(CC1)C1=CC=C(C=C1)C1=NC2=NC=C(Br)C(N3CCN(CC4=NOC(C)=C4)CC3)=C2N1,<rdkit.DataStructs.cDataStructs.ExplicitBitVect object at 0x747067494350>,tr,
PD010906,CCT128930,RAC-beta serine/threonine-protein kinase,AKT2,single protein,8.22,NC1(Cc2ccc(Cl)cc2)CCN(c2ncnc3[nH]ccc23)CC1,341.14,4.0,2.0,3.0,3.15,70.83,AKT,NC1(Cc2ccc(Cl)cc2)CCN(c2ncnc3[nH]ccc23)CC1,[NH3+]C1(CC2=CC=C(Cl)C=C2)CCN(CC1)C1=C2C=CNC2=NC=[NH+]1,<rdkit.DataStructs.cDataStructs.ExplicitBitVect object at 0x747067494270>,tr,
PD010992,CCT129202,Aurora kinase A,AURKA,single protein,7.38,CN(C)c1ccc(-c2nc3c(N4CCN(CC(=O)Nc5nccs5)CC4)c(Cl)cnc3[nH]2)cc1,496.16,8.0,2.0,6.0,3.56,93.28,AURORA KINASE,CN(C)c1ccc(-c2nc3c(N4CCN(CC(=O)Nc5nccs5)CC4)c(Cl)cnc3[nH]2)cc1,CN(C)C1=CC=C(C=C1)C1=NC2=NC=C(Cl)C(N3CCN(CC(=O)NC4=NC=CS4)CC3)=C2N1,<rdkit.DataStructs.cDataStructs.ExplicitBitVect object at 0x747067494200>,tr,
PD013390,CCT251545,Cyclin-dependent kinase 19,CDK19,single protein,8.6,Cn1cc(-c2ccc(-c3cncc(Cl)c3N3CCC4(CCNC4=O)CC3)cc2)cn1,421.17,5.0,1.0,3.0,3.91,63.05,CDK,Cn1cc(-c2ccc(-c3cncc(Cl)c3N3CCC4(CCNC4=O)CC3)cc2)cn1,CN1C=C(C=N1)C1=CC=C(C=C1)C1=CN=CC(Cl)=C1N1CCC2(CCNC2=O)CC1,<rdkit.DataStructs.cDataStructs.ExplicitBitVect object at 0x747067494190>,tr,
PD010563,CEP-33779,Tyrosine-protein kinase JAK2,JAK2,single protein,8.74,CN1CCN(c2cccc(Nc3nc4c(-c5ccc(S(C)(=O)=O)cc5)cccn4n3)c2)CC1,462.18,8.0,1.0,5.0,3.3,82.84,JAK,CN1CCN(c2cccc(Nc3nc4c(-c5ccc(S(C)(=O)=O)cc5)cccn4n3)c2)CC1,C[NH+]1CCN(CC1)C1=CC=CC(NC2=NN3C=CC=C(C3=N2)C2=CC=C(C=C2)S(C)(=O)=O)=C1,<rdkit.DataStructs.cDataStructs.ExplicitBitVect object at 0x747067494040>,tr,
PD038912,CGP74514A,Cyclin-dependent kinase 5,CDK5,single protein,7.59,CCn1cnc2c(Nc3cccc(Cl)c3)nc(N[C@@H]3CCCC[C@@H]3N)nc21,385.18,7.0,3.0,5.0,3.93,93.68,CDK,CCn1cnc2c(Nc3cccc(Cl)c3)nc(N[C@@H]3CCCC[C@@H]3N)nc21,CCN1C=NC2=C(NC3=CC=CC(Cl)=C3)N=C(N[C@@H]3CCCC[C@@H]3[NH3+])N=C12,<rdkit.DataStructs.cDataStructs.ExplicitBitVect object at 0x747067497760>,tr,
PD157052,CHDI-390576,Histone deacetylase 7,HDAC7,single protein,7.51,ON=C(O)C(c1ccc(-c2ncc(C(F)(F)F)cn2)cc1)c1ccccc1F,391.09,4.0,2.0,4.0,3.94,75.11,HDAC,ON=C(O)C(c1ccc(-c2ncc(C(F)(F)F)cn2)cc1)c1ccccc1F,ONC(=O)C(C1=CC=C(C=C1)C1=NC=C(C=N1)C(F)(F)F)C1=CC=CC=C1F,<rdkit.DataStructs.cDataStructs.ExplicitBitVect object at 0x747067496c00>,tr,
PD121494,CHEMBL2179988 ,Protein mono-ADP-ribosyltransferase PARP10,PARP10,single protein,5.88,NC(=O)c1cccc(NC(=O)/C=C/C(=O)O)c1,234.06,3.0,3.0,4.0,0.36,109.49,PARP,NC(=O)c1cccc(NC(=O)/C=C/C(=O)O)c1,NC(=O)C1=CC=CC(NC(=O)\C=C\C([O-])=O)=C1,<rdkit.DataStructs.cDataStructs.ExplicitBitVect object at 0x747067496b90>,tr,
PD003531,CICLOPIROX,Poly [ADP-ribose] polymerase 1,PARP1,single protein,6.8,Cc1cc(C2CCCCC2)n(O)c(=O)c1,207.13,3.0,1.0,1.0,2.44,42.23,PARP,Cc1cc(C2CCCCC2)n(O)c(=O)c1,CC1=CC(=O)N([O-])C(=C1)C1CCCCC1,<rdkit.DataStructs.cDataStructs.ExplicitBitVect object at 0x747067496c70>,tr,
PD107884,CL-104659,Tubulin alpha-1A chain,TUBA1A,single protein,5.3,O=c1[nH]c(/C=C/c2ccccc2)nc2ccccc12,248.09,2.0,1.0,2.0,3.09,45.75,TUBULIN,O=c1[nH]c(/C=C/c2ccccc2)nc2ccccc12,O=C1NC(\C=C\C2=CC=CC=C2)=NC2=CC=CC=C12,<rdkit.DataStructs.cDataStructs.ExplicitBitVect object at 0x747067497060>,tr,
PD010393,CNX-2006,Epidermal growth factor receptor,EGFR,single protein,7.78,C=CC(=O)Nc1cccc(Nc2nc(Nc3ccc(NC4CN(CCF)C4)cc3OC)ncc2C(F)(F)F)c1,545.22,8.0,4.0,11.0,5.18,103.44,EGFR,C=CC(=O)Nc1cccc(Nc2nc(Nc3ccc(NC4CN(CCF)C4)cc3OC)ncc2C(F)(F)F)c1,COC1=CC(NC2CN(CCF)C2)=CC=C1NC1=NC=C(C(NC2=CC(NC(=O)C=C)=CC=C2)=N1)C(F)(F)F,<rdkit.DataStructs.cDataStructs.ExplicitBitVect object at 0x747067496f10>,tr,
PD002408,COLCHICINE,Tubulin beta-5 chain,TUBB5,single protein,7.96,COc1cc2c(c(OC)c1OC)-c1ccc(OC)c(=O)cc1[C@@H](NC(C)=O)CC2,399.17,6.0,1.0,5.0,2.87,83.09,TUBULIN,COc1cc2c(c(OC)c1OC)-c1ccc(OC)c(=O)cc1[C@@H](NC(C)=O)CC2,COC1=CC2=C(C(OC)=C1OC)C1=CC=C(OC)C(=O)C=C1[C@H](CC2)NC(C)=O,<rdkit.DataStructs.cDataStructs.ExplicitBitVect object at 0x747067496d50>,tr,
PD016776,COMBRETASTATIN A4,Tubulin beta-3 chain,TUBB3,single protein,8.24,COc1ccc(/C=C\c2cc(OC)c(OC)c(OC)c2)cc1O,316.13,5.0,1.0,6.0,3.6,57.15,TUBULIN,COc1ccc(/C=C\c2cc(OC)c(OC)c(OC)c2)cc1O,COC1=CC=C(\C=C/C2=CC(OC)=C(OC)C(OC)=C2)C=C1O,<rdkit.DataStructs.cDataStructs.ExplicitBitVect object at 0x747067496ea0>,tr,
PD010692,CRENOLANIB,Receptor-type tyrosine-protein kinase FLT3,FLT3,single protein,9.13,CC1(COc2ccc3c(c2)ncn3-c2ccc3cccc(N4CCC(N)CC4)c3n2)COC1,443.23,7.0,1.0,5.0,3.92,78.43,TYROSINE KINASE,CC1(COc2ccc3c(c2)ncn3-c2ccc3cccc(N4CCC(N)CC4)c3n2)COC1,CC1(COC2=CC=C3N(C=NC3=C2)C2=NC3=C(C=CC=C3C=C2)N2CCC([NH3+])CC2)COC1,<rdkit.DataStructs.cDataStructs.ExplicitBitVect object at 0x747067496f80>,tr,
PD012314,CZC-54252,Epidermal growth factor receptor,EGFR,single protein,7.32,COc1cc(N2CCOCC2)ccc1Nc1ncc(Cl)c(Nc2ccccc2NS(C)(=O)=O)n1,504.13,9.0,3.0,8.0,3.83,117.71,EGFR,COc1cc(N2CCOCC2)ccc1Nc1ncc(Cl)c(Nc2ccccc2NS(C)(=O)=O)n1,COC1=CC(=CC=C1NC1=NC=C(Cl)C(NC2=CC=CC=C2NS(C)(=O)=O)=N1)N1CCOCC1,<rdkit.DataStructs.cDataStructs.ExplicitBitVect object at 0x747067497290>,tr,
PD011143,DACINOSTAT,Histone deacetylase 1,HDAC1,single protein,9.26,OCCN(CCc1c[nH]c2ccccc12)Cc1ccc(/C=C/C(O)=NO)cc1,379.19,4.0,4.0,9.0,2.72,88.59,HDAC,OCCN(CCc1c[nH]c2ccccc12)Cc1ccc(/C=C/C(O)=NO)cc1,OCC[NH+](CCC1=CNC2=CC=CC=C12)CC1=CC=C(CCC(=O)N=O)C=C1,<rdkit.DataStructs.cDataStructs.ExplicitBitVect object at 0x747067497450>,tr,
PD003533,DACTOLISIB,Histone deacetylase 6,HDAC6,single protein,8.7,Cn1c(=O)n(-c2ccc(C(C)(C)C#N)cc2)c2c3cc(-c4cnc5ccccc5c4)ccc3ncc21,469.19,6.0,0.0,3.0,5.89,76.5,HDAC,Cn1c(=O)n(-c2ccc(C(C)(C)C#N)cc2)c2c3cc(-c4cnc5ccccc5c4)ccc3ncc21,CN1C(=O)N(C2=C1C=NC1=C2C=C(C=C1)C1=CC2=CC=CC=C2N=C1)C1=CC=C(C=C1)C(C)(C)C#N,<rdkit.DataStructs.cDataStructs.ExplicitBitVect object at 0x747067497ae0>,tr,
PD016973,DECERNOTINIB,Tyrosine-protein kinase JAK3,JAK3,single protein,8.02,CC[C@@](C)(Nc1ccnc(-c2c[nH]c3ncccc23)n1)C(=O)NCC(F)(F)F,392.16,5.0,3.0,6.0,3.28,95.59,JAK,CC[C@@](C)(Nc1ccnc(-c2c[nH]c3ncccc23)n1)C(=O)NCC(F)(F)F,CC[C@@](C)(NC1=CC=NC(=N1)C1=CNC2=NC=CC=C12)C(=O)NCC(F)(F)F,<rdkit.DataStructs.cDataStructs.ExplicitBitVect object at 0x747067497b50>,tr,
PD055877,DINACICLIB,Cyclin-dependent kinase 5,CDK5,single protein,9.5,CCc1cnn2c(NCc3ccc[n+]([O-])c3)cc(N3CCCCC3CCO)nc12,396.23,7.0,2.0,7.0,2.28,92.63,CDK,CCc1cnn2c(NCc3ccc[n+]([O-])c3)cc(N3CCCCC3CCO)nc12,CCC1=C2N=C(C=C(NCC3=CC=C[N+]([O-])=C3)N2N=C1)N1CCCCC1CCO,<rdkit.DataStructs.cDataStructs.ExplicitBitVect object at 0x747067497e60>,tr,
PD004294,DORSOMORPHIN,Receptor-type tyrosine-protein kinase FLT3,FLT3,single protein,9.0,c1cc(-c2cnn3cc(-c4ccc(OCCN5CCCCC5)cc4)cnc23)ccn1,399.21,6.0,0.0,6.0,4.32,55.55,TYROSINE KINASE,c1cc(-c2cnn3cc(-c4ccc(OCCN5CCCCC5)cc4)cnc23)ccn1,C(C[NH+]1CCCCC1)OC1=CC=C(C=C1)C1=CN2N=CC(=C2N=C1)C1=CC=NC=C1,<rdkit.DataStructs.cDataStructs.ExplicitBitVect object at 0x747067497ed0>,tr,
PD005561,DR 2313,Poly [ADP-ribose] polymerase 1,PARP1,single protein,6.76,Cc1nc(=O)c2c([nH]1)CCSC2,182.05,3.0,1.0,0.0,0.87,45.75,PARP,Cc1nc(=O)c2c([nH]1)CCSC2,CC1=NC2=C(CSCC2)C(=O)N1,<rdkit.DataStructs.cDataStructs.ExplicitBitVect object at 0x747067497df0>,tr,
PD070053,Dolastatin 10,Tubulin alpha-1A chain,TUBA1A,single protein,5.66,CC[C@H](C)[C@@H]([C@@H](CC(=O)N1CCC[C@H]1[C@H](OC)[C@@H](C)C(=O)N[C@@H](Cc1ccccc1)c1nccs1)OC)N(C)C(=O)[C@@H](NC(=O)[C@H](C(C)C)N(C)C)C(C)C,784.49,9.0,2.0,21.0,5.19,133.41,TUBULIN,CC[C@H](C)[C@@H]([C@@H](CC(=O)N1CCC[C@H]1[C@H](OC)[C@@H](C)C(=O)N[C@@H](Cc1ccccc1)c1nccs1)OC)N(C)C(=O)[C@@H](NC(=O)[C@H](C(C)C)N(C)C)C(C)C,CC[C@H](C)[C@@H]([C@@H](CC(=O)N1CCC[C@H]1[C@H](OC)[C@@H](C)C(=O)N[C@@H](CC1=CC=CC=C1)C1=NC=CS1)OC)N(C)C(=O)[C@@H](NC(=O)[C@H](C(C)C)[NH+](C)C)C(C)C,<rdkit.DataStructs.cDataStructs.ExplicitBitVect object at 0x747067497ca0>,tr,
PD036151,E7449,Poly [ADP-ribose] polymerase 2,PARP2,single protein,9.0,O=C1NNc2nc(CN3Cc4ccccc4C3)nc3cccc1c23,317.13,5.0,2.0,2.0,2.22,70.15,PARP,O=C1NNc2nc(CN3Cc4ccccc4C3)nc3cccc1c23,O=C1NNC2=C3C(C=CC=C13)=NC(CN1CC3=CC=CC=C3C1)=N2,<rdkit.DataStructs.cDataStructs.ExplicitBitVect object at 0x747067495000>,tr,
PD011101,ENMD-981693,Receptor-type tyrosine-protein kinase FLT3,FLT3,single protein,8.52,Cc1cc(Nc2cc(N3CCN(C)CC3)nc(/C=C/c3ccccc3)n2)[nH]n1,375.22,6.0,2.0,5.0,3.17,72.97,TYROSINE KINASE,Cc1cc(Nc2cc(N3CCN(C)CC3)nc(/C=C/c3ccccc3)n2)[nH]n1,C[NH+]1CCN(CC1)C1=NC(\C=C\C2=CC=CC=C2)=NC(NC2=NNC(C)=C2)=C1,<rdkit.DataStructs.cDataStructs.ExplicitBitVect object at 0x747067494890>,tr,
PD087762,EP-0042,Aurora kinase A,AURKA,single protein,8.12,Cc1nn(C)cc1-c1nc2c(N3CCN(Cc4ccc(Cl)cc4)CC3)c(Cl)cnc2[nH]1,455.14,6.0,1.0,4.0,4.3,65.87,AURORA KINASE,Cc1nn(C)cc1-c1nc2c(N3CCN(Cc4ccc(Cl)cc4)CC3)c(Cl)cnc2[nH]1,CN1C=C(C(C)=N1)C1=NC2=NC=C(Cl)C(N3CC[NH+](CC4=CC=C(Cl)C=C4)CC3)=C2N1,<rdkit.DataStructs.cDataStructs.ExplicitBitVect object at 0x747067496ce0>,tr,
PD003491,ETP-46464,Serine/threonine-protein kinase mTOR,MTOR,single protein,9.22,CC(C)(C#N)c1ccc(N2C(=O)OCc3cnc4ccc(-c5cnc6ccccc6c5)cc4c32)cc1,470.17,5.0,0.0,3.0,7.04,79.11,MTOR,CC(C)(C#N)c1ccc(N2C(=O)OCc3cnc4ccc(-c5cnc6ccccc6c5)cc4c32)cc1,CC(C)(C#N)C1=CC=C(C=C1)N1C(=O)OCC2=C1C1=CC(=CC=C1N=C2)C1=CC2=CC=CC=C2N=C1,<rdkit.DataStructs.cDataStructs.ExplicitBitVect object at 0x74706743a810>,tr,
PD004083,EVEROLIMUS,Serine/threonine-protein kinase mTOR,MTOR,single protein,8.7,CO[C@H]1C[C@@H]2CC[C@@H](C)[C@@](O)(O2)C(=O)C(=O)N2CCCC[C@H]2C(=O)O[C@H]([C@H](C)C[C@@H]2CC[C@@H](OCCO)[C@H](OC)C2)CC(=O)C(C)=CC(C)[C@@H](O)[C@@H](OC)C(=O)[C@H](C)C[C@H](C)/C=C/C=C/C=C/1C,957.58,14.0,3.0,9.0,6.2,204.66,MTOR,CO[C@H]1C[C@@H]2CC[C@@H](C)[C@@](O)(O2)C(=O)C(=O)N2CCCC[C@H]2C(=O)O[C@H]([C@H](C)C[C@@H]2CC[C@@H](OCCO)[C@H](OC)C2)CC(=O)C(C)=CC(C)[C@@H](O)[C@@H](OC)C(=O)[C@H](C)C[C@H](C)/C=C/C=C/C=C/1C,CO[C@@H]1C[C@H](C[C@@H](C)[C@@H]2CC(=O)C(C)=CC(C)[C@@H](O)[C@@H](OC)C(=O)[C@H](C)C[C@H](C)\C=C\C=C\C=C(C)\[C@H](C[C@@H]3CC[C@@H](C)[C@@](O)(O3)C(=O)C(=O)N3CCCC[C@H]3C(=O)O2)OC)CC[C@H]1OCCO,<rdkit.DataStructs.cDataStructs.ExplicitBitVect object at 0x74706743a0a0>,tr,
PD010273,FILGOTINIB,Jak1 protein,JAK1,single protein,7.54,O=C(Nc1nc2cccc(-c3ccc(CN4CCS(=O)(=O)CC4)cc3)n2n1)C1CC1,425.15,7.0,1.0,5.0,1.98,96.67,JAK,O=C(Nc1nc2cccc(-c3ccc(CN4CCS(=O)(=O)CC4)cc3)n2n1)C1CC1,O=C(NC1=NN2C(C=CC=C2C2=CC=C(CN3CCS(=O)(=O)CC3)C=C2)=N1)C1CC1,<rdkit.DataStructs.cDataStructs.ExplicitBitVect object at 0x747067438820>,tr,
PD010586,FIMEPINOSTAT,Histone deacetylase 1,HDAC1,single protein,8.77,COc1ccc(-c2nc(N3CCOCC3)c3sc(CN(C)c4ncc(C(O)=NO)cn4)cc3n2)cn1,508.16,12.0,2.0,7.0,2.14,138.72,HDAC,COc1ccc(-c2nc(N3CCOCC3)c3sc(CN(C)c4ncc(C(O)=NO)cn4)cc3n2)cn1,COC1=CC=C(C=N1)C1=NC(N2CCOCC2)=C2SC(CN(C)C3=NC=C(C=N3)C(=O)NO)=CC2=N1,<rdkit.DataStructs.cDataStructs.ExplicitBitVect object at 0x7470674385f0>,tr,
PD010323,FLI-06,Cyclin-dependent kinase 2,CDK2,single protein,4.15,CC1=C(C(=O)OC2CCCCC2)C(c2ccc([N+](=O)[O-])cc2)C2C(=O)CC(C)(C)CC2=N1,438.22,6.0,1.0,4.0,5.07,98.54,CDK,CC1=C(C(=O)OC2CCCCC2)C(c2ccc([N+](=O)[O-])cc2)C2C(=O)CC(C)(C)CC2=N1,CC1=C(C(C2C(=O)CC(C)(C)CC2=N1)C1=CC=C(C=C1)[N+]([O-])=O)C(=O)OC1CCCCC1,<rdkit.DataStructs.cDataStructs.ExplicitBitVect object at 0x747067438120>,tr,
PD056877,FM-381,Tyrosine-protein kinase JAK3,JAK3,single protein,9.82,CN(C)C(=O)/C(C#N)=C/c1ccc(-c2nc3cnc4[nH]ccc4c3n2C2CCCCC2)o1,428.2,6.0,1.0,4.0,4.67,103.74,JAK,CN(C)C(=O)/C(C#N)=C/c1ccc(-c2nc3cnc4[nH]ccc4c3n2C2CCCCC2)o1,CN(C)C(=O)C(=C\C1=CC=C(O1)C1=NC2=C(N1C1CCCCC1)C1=C(NC=C1)N=C2)\C#N,<rdkit.DataStructs.cDataStructs.ExplicitBitVect object at 0x747067438cf0>,tr,
PD102565,FN-1501,Receptor-type tyrosine-protein kinase FLT3,FLT3,single protein,9.57,CN1CCN(Cc2ccc(NC(=O)c3[nH]ncc3Nc3ncnc4[nH]ccc34)cc2)CC1,431.22,7.0,4.0,6.0,2.42,117.86,TYROSINE KINASE,CN1CCN(Cc2ccc(NC(=O)c3[nH]ncc3Nc3ncnc4[nH]ccc34)cc2)CC1,C[NH+]1CCN(CC2=CC=C(NC(=O)C3=NNC=C3NC3=C4C=CNC4=NC=N3)C=C2)CC1,<rdkit.DataStructs.cDataStructs.ExplicitBitVect object at 0x74706743af80>,tr,
PD157426,FNDR-20123,Histone deacetylase 3,HDAC3,single protein,8.7,ON=C(O)c1ccc(Cn2cc(-c3ccc(CN4CCCC4)cc3)nn2)cc1,377.19,6.0,2.0,6.0,2.71,83.28,HDAC,ON=C(O)c1ccc(Cn2cc(-c3ccc(CN4CCCC4)cc3)nn2)cc1,OC(N=O)C1=CC=C(CN2C=C(N=N2)C2=CC=C(C[NH+]3CCCC3)C=C2)C=C1,<rdkit.DataStructs.cDataStructs.ExplicitBitVect object at 0x74706743a260>,tr,
PD156915,FT895,Histone deacetylase 11,HDAC11,single protein,8.17,CC1(C)c2cccc(C(O)=NO)c2CN1c1cnc(C(F)(F)F)cn1,352.11,5.0,2.0,2.0,2.87,78.35,HDAC,CC1(C)c2cccc(C(O)=NO)c2CN1c1cnc(C(F)(F)F)cn1,CC1(C)N(CC2=C(C=CC=C12)C(O)N=O)C1=CN=C(C=N1)C(F)(F)F,<rdkit.DataStructs.cDataStructs.ExplicitBitVect object at 0x74706743aab0>,tr,
PD052672,Fruquintinib,Vascular endothelial growth factor receptor 3,FLT4,single protein,9.3,CNC(=O)c1c(C)oc2cc(Oc3ncnc4cc(OC)c(OC)cc34)ccc12,393.13,7.0,1.0,5.0,3.85,95.71,TYROSINE KINASE,CNC(=O)c1c(C)oc2cc(Oc3ncnc4cc(OC)c(OC)cc34)ccc12,CNC(=O)C1=C(C)OC2=CC(OC3=NC=NC4=CC(OC)=C(OC)C=C34)=CC=C12,<rdkit.DataStructs.cDataStructs.ExplicitBitVect object at 0x74706743ac70>,tr,
PD010839,GANDOTINIB,Tyrosine-protein kinase JAK2,JAK2,single protein,8.4,Cc1cc(Nc2cc(CN3CCOCC3)c3nc(C)c(Cc4ccc(Cl)cc4F)n3n2)[nH]n1,469.18,7.0,2.0,6.0,4.03,83.37,JAK,Cc1cc(Nc2cc(CN3CCOCC3)c3nc(C)c(Cc4ccc(Cl)cc4F)n3n2)[nH]n1,CC1=CC(NC2=NN3C(CC4=CC=C(Cl)C=C4F)=C(C)N=C3C(CN3CCOCC3)=C2)=NN1,<rdkit.DataStructs.cDataStructs.ExplicitBitVect object at 0x74706743a340>,tr,
PD010469,GDC-0349,Serine/threonine-protein kinase mTOR,MTOR,single protein,8.42,CCNC(=O)Nc1ccc(-c2nc3c(c(N4CCOC[C@@H]4C)n2)CCN(C2COC2)C3)cc1,452.25,7.0,2.0,5.0,2.27,91.85,MTOR,CCNC(=O)Nc1ccc(-c2nc3c(c(N4CCOC[C@@H]4C)n2)CCN(C2COC2)C3)cc1,CCNC(=O)NC1=CC=C(C=C1)C1=NC2=C(CCN(C2)C2COC2)C(=N1)N1CCOC[C@@H]1C,<rdkit.DataStructs.cDataStructs.ExplicitBitVect object at 0x74706743aff0>,tr,
PD010544,GOLVATINIB,Receptor-type tyrosine-protein kinase FLT3,FLT3,single protein,8.4,CN1CCN(C2CCN(C(=O)Nc3cc(Oc4ccc(NC(=O)C5(C(=O)Nc6ccc(F)cc6)CC5)c(F)c4)ccn3)CC2)CC1,633.29,7.0,3.0,8.0,4.75,119.14,TYROSINE KINASE,CN1CCN(C2CCN(C(=O)Nc3cc(Oc4ccc(NC(=O)C5(C(=O)Nc6ccc(F)cc6)CC5)c(F)c4)ccn3)CC2)CC1,CN1CC[NH+](CC1)C1CCN(CC1)C(=O)NC1=CC(OC2=CC=C(NC(=O)C3(CC3)C(=O)NC3=CC=C(F)C=C3)C(F)=C2)=CC=N1,<rdkit.DataStructs.cDataStructs.ExplicitBitVect object at 0x747067439f50>,tr,
PD012206,GSK1070916,Aurora kinase B,AURKB,single protein,9.42,CCn1cc(-c2ccnc3[nH]c(-c4cccc(CN(C)C)c4)cc23)c(-c2ccc(NC(=O)N(C)C)cc2)n1,507.27,5.0,2.0,7.0,5.94,82.08,AURORA KINASE,CCn1cc(-c2ccnc3[nH]c(-c4cccc(CN(C)C)c4)cc23)c(-c2ccc(NC(=O)N(C)C)cc2)n1,CCN1C=C(C(=N1)C1=CC=C(NC(=O)N(C)C)C=C1)C1=C2C=C(NC2=NC=C1)C1=CC=CC(C[NH+](C)C)=C1,<rdkit.DataStructs.cDataStructs.ExplicitBitVect object at 0x747067439bd0>,tr,
PD070626,GW 583340 dihydrochloride,Epidermal growth factor receptor,EGFR,single protein,8.0,CS(=O)(=O)CCNCc1nc(-c2ccc3ncnc(Nc4ccc(OCc5cccc(F)c5)c(Cl)c4)c3c2)cs1,597.11,9.0,2.0,11.0,6.0,106.1,EGFR,CS(=O)(=O)CCNCc1nc(-c2ccc3ncnc(Nc4ccc(OCc5cccc(F)c5)c(Cl)c4)c3c2)cs1,CS(=O)(=O)CCNCC1=NC(=CS1)C1=CC2=C(NC3=CC=C(OCC4=CC=CC(F)=C4)C(Cl)=C3)N=CN=C2C=C1,<rdkit.DataStructs.cDataStructs.ExplicitBitVect object at 0x747067439a10>,tr,
PD003748,GW779439X,Cyclin-dependent kinase 2,CDK2,single protein,8.4,CN1CCN(c2ccc(Nc3nccc(-c4cnn5ncccc45)n3)cc2C(F)(F)F)CC1,454.18,8.0,1.0,4.0,3.7,74.48,CDK,CN1CCN(c2ccc(Nc3nccc(-c4cnn5ncccc45)n3)cc2C(F)(F)F)CC1,C[NH+]1CCN(CC1)C1=CC=C(NC2=NC=CC(=N2)C2=C3C=CC=NN3N=C2)C=C1C(F)(F)F,<rdkit.DataStructs.cDataStructs.ExplicitBitVect object at 0x74706743af10>,tr,
PD121872,GeA-69,Protein mono-ADP-ribosyltransferase PARP14,PARP14,single protein,6.14,CC(=O)Nc1ccccc1-c1cccc2c1[nH]c1ccccc12,300.13,1.0,2.0,2.0,4.95,44.89,PARP,CC(=O)Nc1ccccc1-c1cccc2c1[nH]c1ccccc12,CC(=O)NC1=CC=CC=C1C1=CC=CC2=C1NC1=C2C=CC=C1,<rdkit.DataStructs.cDataStructs.ExplicitBitVect object at 0x74706743ad50>,tr,
PD088288,HDAC8-IN-1,Histone deacetylase 8,HDAC8,single protein,7.57,COc1ccc(/C=C/C(O)=NO)c(-c2ccc(-c3ccccc3)cc2)c1,345.14,3.0,2.0,5.0,4.55,58.56,HDAC,COc1ccc(/C=C/C(O)=NO)c(-c2ccc(-c3ccccc3)cc2)c1,COC1=CC=C(CCC(=O)N=O)C(=C1)C1=CC=C(C=C1)C1=CC=CC=C1,<rdkit.DataStructs.cDataStructs.ExplicitBitVect object at 0x747067439850>,tr,
PD121840,HDACs/mTOR Inhibitor 1,Histone deacetylase 1,HDAC1,single protein,9.72,C[C@@H]1CN(C(=O)Nc2ccc(-c3nc(N4CCOCC4)c4cnn(CCCCCCC(O)=NO)c4n3)cc2)CCO1,566.3,10.0,3.0,10.0,3.04,146.97,HDAC,C[C@@H]1CN(C(=O)Nc2ccc(-c3nc(N4CCOCC4)c4cnn(CCCCCCC(O)=NO)c4n3)cc2)CCO1,C[C@@H]1CN(CCO1)C(=O)NC1=CC=C(C=C1)C1=NC(N2CCOCC2)=C2C=NN(CCCCCCC(=O)NO)C2=N1,<rdkit.DataStructs.cDataStructs.ExplicitBitVect object at 0x7470674397e0>,tr,
PD010990,HESPERADIN,Aurora kinase B-A,AURKB-A,single protein,8.52,CCS(=O)(=O)Nc1ccc2[nH]c(O)c(C(=Nc3ccc(CN4CCCCC4)cc3)c3ccccc3)c2c1,516.22,5.0,3.0,8.0,5.37,90.54,AURORA KINASE,CCS(=O)(=O)Nc1ccc2[nH]c(O)c(C(=Nc3ccc(CN4CCCCC4)cc3)c3ccccc3)c2c1,CCS(=O)(=O)NC1=CC=C2NC(O)=C(C(=NC3=CC=C(C[NH+]4CCCCC4)C=C3)C3=CC=CC=C3)C2=C1,<rdkit.DataStructs.cDataStructs.ExplicitBitVect object at 0x747067439770>,tr,
PD000593,HINOKITIOL,Histone deacetylase 4,HDAC4,single protein,8.48,CC(C)c1cccc(=O)c(O)c1,164.08,2.0,1.0,1.0,1.88,37.3,HDAC,CC(C)c1cccc(=O)c(O)c1,CC(C)C1=CC=CC(=O)C([O-])=C1,<rdkit.DataStructs.cDataStructs.ExplicitBitVect object at 0x747067439700>,tr,
PD059019,ILORASERTIB,Vascular endothelial growth factor receptor 1,FLT1,single protein,9.0,Nc1ncc(-c2cnn(CCO)c2)c2scc(-c3ccc(NC(=O)Nc4cccc(F)c4)cc3)c12,488.14,7.0,4.0,6.0,5.18,118.09,TYROSINE KINASE,Nc1ncc(-c2cnn(CCO)c2)c2scc(-c3ccc(NC(=O)Nc4cccc(F)c4)cc3)c12,NC1=C2C(SC=C2C2=CC=C(NC(=O)NC3=CC=CC(F)=C3)C=C2)=C(C=N1)C1=CN(CCO)N=C1,<rdkit.DataStructs.cDataStructs.ExplicitBitVect object at 0x7470674391c0>,tr,
PD077585,IN01001,Poly [ADP-ribose] polymerase 1,PARP1,single protein,8.5,O=c1[nH]c2c(c3ccccc13)Cc1cc(S(=O)(=O)NCCCN3CCOCC3)ccc1-2,439.16,5.0,2.0,6.0,2.1,91.5,PARP,O=c1[nH]c2c(c3ccccc13)Cc1cc(S(=O)(=O)NCCCN3CCOCC3)ccc1-2,O=C1NC2=C(CC3=CC(=CC=C23)S(=O)(=O)NCCCN2CCOCC2)C2=CC=CC=C12,<rdkit.DataStructs.cDataStructs.ExplicitBitVect object at 0x747067439000>,tr,
PD017093,IPATASERTIB,RAC-alpha serine/threonine-protein kinase,AKT1,single protein,9.0,CC(C)NC[C@@H](C(=O)N1CCN(c2ncnc3c2[C@H](C)C[C@H]3O)CC1)c1ccc(Cl)cc1,457.22,6.0,2.0,6.0,3.1,81.59,AKT,CC(C)NC[C@@H](C(=O)N1CCN(c2ncnc3c2[C@H](C)C[C@H]3O)CC1)c1ccc(Cl)cc1,CC(C)[NH2+]C[C@@H](C(=O)N1CCN(CC1)C1=NC=NC2=C1[C@H](C)C[C@H]2O)C1=CC=C(Cl)C=C1,<rdkit.DataStructs.cDataStructs.ExplicitBitVect object at 0x747067438f90>,tr,
PD155002,JAK2-IN-7,Tyrosine-protein kinase JAK2,JAK2,single protein,8.52,Cc1cnc(Nc2ccc3c(c2)CCN(C(=O)/C=C/CN(C)C)C3)nc1-c1cnn(C(C)C)c1,459.27,7.0,1.0,7.0,3.98,79.18,JAK,Cc1cnc(Nc2ccc3c(c2)CCN(C(=O)/C=C/CN(C)C)C3)nc1-c1cnn(C(C)C)c1,CC(C)N1C=C(C=N1)C1=NC(NC2=CC=C3CN(CCC3=C2)C(=O)\C=C\C[NH+](C)C)=NC=C1C,<rdkit.DataStructs.cDataStructs.ExplicitBitVect object at 0x747067438c80>,tr,
PD123940,JAK3-IN-6,Tyrosine-protein kinase JAK3,JAK3,single protein,9.82,C=C(C)C(=O)Nc1cccc(-c2ncnc3[nH]cc(C(=O)OCC)c23)c1,350.14,5.0,2.0,5.0,3.32,96.97,JAK,C=C(C)C(=O)Nc1cccc(-c2ncnc3[nH]cc(C(=O)OCC)c23)c1,CCOC(=O)C1=CNC2=NC=NC(=C12)C1=CC(NC(=O)C(C)=C)=CC=C1,<rdkit.DataStructs.cDataStructs.ExplicitBitVect object at 0x747067438ba0>,tr,
PD011042,JNJ-7706621,Cyclin-dependent kinase 2,CDK2,single protein,8.7,Nc1nc(Nc2ccc(S(N)(=O)=O)cc2)nn1C(=O)c1c(F)cccc1F,394.07,8.0,3.0,4.0,1.22,145.99,CDK,Nc1nc(Nc2ccc(S(N)(=O)=O)cc2)nn1C(=O)c1c(F)cccc1F,NC1=NC(NC2=CC=C(C=C2)S(N)(=O)=O)=NN1C(=O)C1=C(F)C=CC=C1F,<rdkit.DataStructs.cDataStructs.ExplicitBitVect object at 0x747067438a50>,tr,
PD157797,KA2507,Histone deacetylase 6,HDAC6,single protein,8.6,ON=C(O)c1ccc(CN(c2cnccn2)c2cnccn2)cc1,322.12,7.0,2.0,5.0,1.72,104.13,HDAC,ON=C(O)c1ccc(CN(c2cnccn2)c2cnccn2)cc1,OC(N=O)C1=CC=C(CN(C2=CN=CC=N2)C2=CN=CC=N2)C=C1,<rdkit.DataStructs.cDataStructs.ExplicitBitVect object at 0x7470674383c0>,tr,
PD038476,KG 5,Receptor-type tyrosine-protein kinase FLT3,FLT3,single protein,7.28,CSc1nc(N)cc(Oc2ccc(-c3n[nH]c(Nc4cccc(C(F)(F)F)c4)n3)cc2)n1,459.11,8.0,3.0,6.0,5.12,114.63,TYROSINE KINASE,CSc1nc(N)cc(Oc2ccc(-c3n[nH]c(Nc4cccc(C(F)(F)F)c4)n3)cc2)n1,CSC1=NC(N)=CC(OC2=CC=C(C=C2)C2=NC(NC3=CC=CC(=C3)C(F)(F)F)=NN2)=N1,<rdkit.DataStructs.cDataStructs.ExplicitBitVect object at 0x7470674380b0>,tr,
PD010305,LDC000067,Cyclin-dependent kinase 9,CDK9,single protein,7.36,COc1ccccc1-c1cc(Nc2cccc(CS(N)(=O)=O)c2)ncn1,370.11,6.0,2.0,6.0,2.68,107.2,CDK,COc1ccccc1-c1cc(Nc2cccc(CS(N)(=O)=O)c2)ncn1,COC1=CC=CC=C1C1=CC(NC2=CC=CC(CS(N)(=O)=O)=C2)=NC=N1,<rdkit.DataStructs.cDataStructs.ExplicitBitVect object at 0x74706743a500>,tr,
PD012268,LMK-235,Histone deacetylase 5,HDAC5,single protein,8.38,Cc1cc(C)cc(C(=O)NOCCCCCC(O)=NO)c1,294.16,4.0,3.0,8.0,2.03,87.66,HDAC,Cc1cc(C)cc(C(=O)NOCCCCCC(O)=NO)c1,CC1=CC(=CC(C)=C1)C(=O)NOCCCCCC(=O)NO,<rdkit.DataStructs.cDataStructs.ExplicitBitVect object at 0x74706743a3b0>,tr,
PD102240,LY3295668,Aurora kinase A,AURKA,single protein,9.0,Cc1cc(Nc2ccc(F)c(C[C@@]3(C(=O)O)CCN(Cc4cccc(Cl)c4F)[C@H](C)C3)n2)[nH]n1,489.17,5.0,3.0,7.0,5.09,94.14,AURORA KINASE,Cc1cc(Nc2ccc(F)c(C[C@@]3(C(=O)O)CCN(Cc4cccc(Cl)c4F)[C@H](C)C3)n2)[nH]n1,C[C@@H]1C[C@@](CC2=NC(NC3=NNC(C)=C3)=CC=C2F)(CC[NH+]1CC1=CC=CC(Cl)=C1F)C([O-])=O,<rdkit.DataStructs.cDataStructs.ExplicitBitVect object at 0x747067439620>,tr,
PD087750,Lazertinib,Tyrosine-protein kinase JAK3,JAK3,single protein,7.7,C=CC(=O)Nc1cc(Nc2nccc(-n3cc(CN(C)C)c(-c4ccccc4)n3)n2)c(OC)cc1N1CCOCC1,554.28,10.0,2.0,10.0,4.1,109.67,JAK,C=CC(=O)Nc1cc(Nc2nccc(-n3cc(CN(C)C)c(-c4ccccc4)n3)n2)c(OC)cc1N1CCOCC1,COC1=C(NC2=NC=CC(=N2)N2C=C(C[NH+](C)C)C(=N2)C2=CC=CC=C2)C=C(NC(=O)C=C)C(=C1)N1CCOCC1,<rdkit.DataStructs.cDataStructs.ExplicitBitVect object at 0x747067438d60>,tr,
PD017229,ME0328,Protein mono-ADP-ribosyltransferase PARP3,PARP3,single protein,6.05,C[C@H](NC(=O)CCc1nc(=O)c2ccccc2[nH]1)c1ccccc1,321.15,3.0,2.0,5.0,2.73,74.85,PARP,C[C@H](NC(=O)CCc1nc(=O)c2ccccc2[nH]1)c1ccccc1,C[C@H](NC(=O)CCC1=NC2=CC=CC=C2C(=O)N1)C1=CC=CC=C1,<rdkit.DataStructs.cDataStructs.ExplicitBitVect object at 0x747067438200>,tr,
PD000154,MEGLUTOL,3-hydroxy-3-methylglutaryl-coenzyme A reductase,HMGCR,single protein,6.52,CC(O)(CC(=O)O)CC(=O)O,162.05,3.0,3.0,4.0,-0.31,94.83,HMGCR,CC(O)(CC(=O)O)CC(=O)O,CC(O)(CC([O-])=O)CC([O-])=O,<rdkit.DataStructs.cDataStructs.ExplicitBitVect object at 0x7470674386d0>,tr,
PD053917,MELK-TI,Receptor-type tyrosine-protein kinase FLT3,FLT3,single protein,7.74,COc1cc(-c2cn[nH]c2)ccc1C(=O)Nc1ccc2c(c1)CCNCC2,362.17,4.0,3.0,4.0,3.03,79.04,TYROSINE KINASE,COc1cc(-c2cn[nH]c2)ccc1C(=O)Nc1ccc2c(c1)CCNCC2,COC1=CC(=CC=C1C(=O)NC1=CC=C2CC[NH2+]CCC2=C1)C1=CNN=C1,<rdkit.DataStructs.cDataStructs.ExplicitBitVect object at 0x747067438350>,tr,
PD003288,MK-2206,RAC-alpha serine/threonine-protein kinase,AKT1,single protein,8.3,NC1(c2ccc(-c3nc4ccn5c(=O)[nH]nc5c4cc3-c3ccccc3)cc2)CCC1,407.17,5.0,2.0,3.0,4.24,89.07,AKT,NC1(c2ccc(-c3nc4ccn5c(=O)[nH]nc5c4cc3-c3ccccc3)cc2)CCC1,[NH3+]C1(CCC1)C1=CC=C(C=C1)C1=NC2=C(C=C1C1=CC=CC=C1)C1=NNC(=O)N1C=C2,<rdkit.DataStructs.cDataStructs.ExplicitBitVect object at 0x7470674399a0>,tr,
PD186934,N-(4-Phenylthiazol-2-yl)isonicotinamide,Poly [ADP-ribose] polymerase 1,PARP1,single protein,6.12,O=C(Nc1nc(-c2ccccc2)cs1)c1ccncc1,281.06,4.0,1.0,3.0,3.46,54.88,PARP,O=C(Nc1nc(-c2ccccc2)cs1)c1ccncc1,O=C(NC1=NC(=CS1)C1=CC=CC=C1)C1=CC=NC=C1,<rdkit.DataStructs.cDataStructs.ExplicitBitVect object at 0x74706743a2d0>,tr,
PD127466,N-hydroxy-1-naphthamide,Histone deacetylase 8,HDAC8,single protein,4.85,ON=C(O)c1cccc2ccccc12,187.06,2.0,2.0,1.0,1.96,49.33,HDAC,ON=C(O)c1cccc2ccccc12,ONC(=O)C1=CC=CC2=CC=CC=C12,<rdkit.DataStructs.cDataStructs.ExplicitBitVect object at 0x747067439d90>,tr,
PD053585,NMS-P118,Poly [ADP-ribose] polymerase 1,PARP1,single protein,8.05,NC(=O)c1cc(F)cc2c1C(=O)N(C1CCN(C3CCC(F)(F)CC3)CC1)C2,395.18,3.0,1.0,3.0,2.92,66.64,PARP,NC(=O)c1cc(F)cc2c1C(=O)N(C1CCN(C3CCC(F)(F)CC3)CC1)C2,NC(=O)C1=CC(F)=CC2=C1C(=O)N(C2)C1CC[NH+](CC1)C1CCC(F)(F)CC1,<rdkit.DataStructs.cDataStructs.ExplicitBitVect object at 0x747067439380>,tr,
PD007715,NU1025,Poly [ADP-ribose] polymerase 1,PARP1,single protein,7.3,Cc1nc(=O)c2cccc(O)c2[nH]1,176.06,3.0,2.0,0.0,0.94,65.98,PARP,Cc1nc(=O)c2cccc(O)c2[nH]1,CC1=NC2=C(O)C=CC=C2C(=O)N1,<rdkit.DataStructs.cDataStructs.ExplicitBitVect object at 0x747067438c10>,tr,
PD004516,NU6027,Cyclin-dependent kinase 2,CDK2,single protein,5.78,Nc1nc(N)c(N=O)c(OCC2CCCCC2)n1,251.14,7.0,2.0,4.0,2.0,116.48,CDK,Nc1nc(N)c(N=O)c(OCC2CCCCC2)n1,NC1=NC(N)=C(N=O)C(OCC2CCCCC2)=N1,<rdkit.DataStructs.cDataStructs.ExplicitBitVect object at 0x747067438b30>,tr,
PD017865,NU6140,Aurora kinase B,AURKB,single protein,7.46,CCN(CC)C(=O)c1ccc(Nc2nc(OCC3CCCCC3)c3[nH]cnc3n2)cc1,422.24,6.0,2.0,8.0,4.54,96.03,AURORA KINASE,CCN(CC)C(=O)c1ccc(Nc2nc(OCC3CCCCC3)c3[nH]cnc3n2)cc1,CCN(CC)C(=O)C1=CC=C(NC2=NC(OCC3CCCCC3)=C3NC=NC3=N2)C=C1,<rdkit.DataStructs.cDataStructs.ExplicitBitVect object at 0x7470674384a0>,tr,
PD038914,NVP-BGT226,Serine/threonine-protein kinase mTOR,MTOR,single protein,8.7,COc1ccc(-c2ccc3ncc4c(c3c2)n(-c2ccc(N3CCNCC3)c(C(F)(F)F)c2)c(=O)n4C)cn1,534.2,8.0,1.0,4.0,4.38,77.21,MTOR,COc1ccc(-c2ccc3ncc4c(c3c2)n(-c2ccc(N3CCNCC3)c(C(F)(F)F)c2)c(=O)n4C)cn1,COC1=CC=C(C=N1)C1=CC2=C(C=C1)N=CC1=C2N(C(=O)N1C)C1=CC=C(N2CC[NH2+]CC2)C(=C1)C(F)(F)F,<rdkit.DataStructs.cDataStructs.ExplicitBitVect object at 0x74706743a8f0>,tr,
PD051464,Nazartinib,Epidermal growth factor receptor,EGFR,single protein,9.0,Cc1cc(C(=O)Nc2nc3cccc(Cl)c3n2[C@@H]2CCCCN(C(=O)/C=C/CN(C)C)C2)ccn1,494.22,6.0,1.0,6.0,4.32,83.36,EGFR,Cc1cc(C(=O)Nc2nc3cccc(Cl)c3n2[C@@H]2CCCCN(C(=O)/C=C/CN(C)C)C2)ccn1,C[NH+](C)C\C=C\C(=O)N1CCCC[C@H](C1)N1C(NC(=O)C2=CC=NC(C)=C2)=NC2=CC=CC(Cl)=C12,<rdkit.DataStructs.cDataStructs.ExplicitBitVect object at 0x74706743a880>,tr,
PD071531,ON123300,Cyclin-dependent kinase 4,CDK4,single protein,8.41,CN1CCN(c2ccc(Nc3ncc4cc(C#N)c(=O)n(C5CCCC5)c4n3)cc2)CC1,429.23,8.0,1.0,4.0,3.27,90.08,CDK,CN1CCN(c2ccc(Nc3ncc4cc(C#N)c(=O)n(C5CCCC5)c4n3)cc2)CC1,C[NH+]1CCN(CC1)C1=CC=C(NC2=NC=C3C=C(C#N)C(=O)N(C4CCCC4)C3=N2)C=C1,<rdkit.DataStructs.cDataStructs.ExplicitBitVect object at 0x747067439e00>,tr,
PD011179,ORANTINIB,Receptor-type tyrosine-protein kinase FLT3,FLT3,single protein,9.1,C=c1[nH]c(=Cc2c(O)[nH]c3ccccc23)c(C)c1CCC(=O)O,310.13,2.0,3.0,4.0,3.14,82.19,TYROSINE KINASE,C=c1[nH]c(=Cc2c(O)[nH]c3ccccc23)c(C)c1CCC(=O)O,CC1=C(CCC([O-])=O)C(=C)NC1=CC1C(=O)NC2=CC=CC=C12,<rdkit.DataStructs.cDataStructs.ExplicitBitVect object at 0x74706743a030>,tr,
PD040563,OROXYLIN A,Receptor-type tyrosine-protein kinase FLT3,FLT3,single protein,5.83,COc1c(O)cc2oc(-c3ccccc3)cc(=O)c2c1O,284.07,5.0,2.0,2.0,2.88,79.9,TYROSINE KINASE,COc1c(O)cc2oc(-c3ccccc3)cc(=O)c2c1O,COC1=C([O-])C=C2OC(=CC(=O)C2=C1O)C1=CC=CC=C1,<rdkit.DataStructs.cDataStructs.ExplicitBitVect object at 0x747067439e70>,tr,
PD003487,OSI-930,Vascular endothelial growth factor receptor 1,FLT1,single protein,8.1,O=C(Nc1ccc(OC(F)(F)F)cc1)c1sccc1NCc1ccnc2ccccc12,443.09,5.0,2.0,6.0,6.06,63.25,TYROSINE KINASE,O=C(Nc1ccc(OC(F)(F)F)cc1)c1sccc1NCc1ccnc2ccccc12,FC(F)(F)OC1=CC=C(NC(=O)C2=C(NCC3=CC=NC4=CC=CC=C34)C=CS2)C=C1,<rdkit.DataStructs.cDataStructs.ExplicitBitVect object at 0x747067439930>,tr,
PD004086,PACLITAXEL,Tubulin beta-5 chain,TUBB5,single protein,8.05,CC(=O)OC1=C2C(C)[C@@H](OC(=O)[C@H](O)[C@@H](NC(=O)c3ccccc3)c3ccccc3)C[C@@](O)([C@@H](OC(=O)c3ccccc3)[C@H]3[C@](C)(C1=O)[C@@H](O)C[C@H]1OC[C@]13OC(C)=O)C2(C)C,853.33,14.0,4.0,10.0,3.74,221.29,TUBULIN,CC(=O)OC1=C2C(C)[C@@H](OC(=O)[C@H](O)[C@@H](NC(=O)c3ccccc3)c3ccccc3)C[C@@](O)([C@@H](OC(=O)c3ccccc3)[C@@H]3[C@]4(OC(C)=O)CO[C@@H]4C[C@H](O)[C@@]3(C)C1=O)C2(C)C,CC1[C@H](C[C@@]2(O)[C@@H](OC(=O)C3=CC=CC=C3)[C@@H]3[C@@]4(CO[C@@H]4C[C@H](O)[C@@]3(C)C(=O)C(OC(C)=O)=C1C2(C)C)OC(C)=O)OC(=O)[C@H](O)[C@@H](NC(=O)C1=CC=CC=C1)C1=CC=CC=C1,<rdkit.DataStructs.cDataStructs.ExplicitBitVect object at 0x7470674390e0>,tr,
PD003631,PCI-34051,Histone deacetylase 8,HDAC8,single protein,8.0,COc1ccc(Cn2ccc3ccc(C(O)=NO)cc32)cc1,296.12,4.0,2.0,4.0,2.82,63.49,HDAC,COc1ccc(Cn2ccc3ccc(C(O)=NO)cc32)cc1,COC1=CC=C(CN2C=CC3=CC=C(C=C23)C(O)N=O)C=C1,<rdkit.DataStructs.cDataStructs.ExplicitBitVect object at 0x747067438970>,tr,
PD054612,PD054612,Tyrosine-protein kinase JAK2,JAK2,single protein,8.4,ON=C(O)CCCCCn1cc(Nc2ncc(Cl)c(Nc3ccc(Cl)cc3)n2)cn1,449.11,8.0,4.0,10.0,4.53,116.99,JAK,ON=C(O)CCCCCn1cc(Nc2ncc(Cl)c(Nc3ccc(Cl)cc3)n2)cn1,ONC(=O)CCCCCN1C=C(NC2=NC=C(Cl)C(NC3=CC=C(Cl)C=C3)=N2)C=N1,<rdkit.DataStructs.cDataStructs.ExplicitBitVect object at 0x74706743ab20>,tr,
PD168539,PD168539,Tubulin beta-5 chain,TUBB5,single protein,5.49,O=C(c1ccc(Cl)c([N+](=O)[O-])c1)N1CCN(c2ccccc2)CC1,345.09,4.0,0.0,3.0,3.21,66.69,TUBULIN,O=C(c1ccc(Cl)c([N+](=O)[O-])c1)N1CCN(c2ccccc2)CC1,[O-][N+](=O)C1=CC(=CC=C1Cl)C(=O)N1CCN(CC1)C1=CC=CC=C1,<rdkit.DataStructs.cDataStructs.ExplicitBitVect object at 0x74706743a1f0>,tr,
PD168564,PD168564,Tubulin beta-5 chain,TUBB5,single protein,5.12,COC(=O)c1c(C)oc2ccc(NS(=O)(=O)c3ccc(Cl)c([N+](=O)[O-])c3)cc12,424.01,7.0,1.0,5.0,3.89,128.75,TUBULIN,COC(=O)c1c(C)oc2ccc(NS(=O)(=O)c3ccc(Cl)c([N+](=O)[O-])c3)cc12,COC(=O)C1=C(C)OC2=CC=C([N-]S(=O)(=O)C3=CC=C(Cl)C(=C3)[N+]([O-])=O)C=C12,<rdkit.DataStructs.cDataStructs.ExplicitBitVect object at 0x747067439540>,tr,
PD021512,PEFICITINIB,Tyrosine-protein kinase JAK3,JAK3,single protein,9.15,NC(=O)c1cnc2[nH]ccc2c1NC1C2CC3CC1CC(O)(C3)C2,326.17,4.0,4.0,3.0,2.01,104.03,JAK,NC(=O)c1cnc2[nH]ccc2c1NC1C2CC3CC1CC(O)(C3)C2,NC(=O)C1=CN=C2NC=CC2=C1NC1C2CC3CC1CC(O)(C3)C2,<rdkit.DataStructs.cDataStructs.ExplicitBitVect object at 0x7470674382e0>,tr,
PD102399,PF-06700841,Tyrosine-protein kinase JAK1,JAK1,single protein,7.77,Cn1cc(Nc2nccc(N3CC4CCC(C3)N4C(=O)[C@@H]3CC3(F)F)n2)cn1,389.18,7.0,1.0,4.0,1.79,79.18,JAK,Cn1cc(Nc2nccc(N3CC4CCC(C3)N4C(=O)[C@@H]3CC3(F)F)n2)cn1,CN1C=C(NC2=NC=CC(=N2)N2CC3CCC(C2)N3C(=O)[C@@H]2CC2(F)F)C=N1,<rdkit.DataStructs.cDataStructs.ExplicitBitVect object at 0x747067439460>,tr,
PD011187,PHA-680632,Aurora kinase A,AURKA,single protein,8.41,CCc1cccc(CC)c1NC(=O)N1Cc2[nH]nc(NC(=O)c3ccc(N4CCN(C)CC4)cc3)c2C1,501.29,5.0,3.0,6.0,4.09,96.6,AURORA KINASE,CCc1cccc(CC)c1NC(=O)N1Cc2[nH]nc(NC(=O)c3ccc(N4CCN(C)CC4)cc3)c2C1,CCC1=CC=CC(CC)=C1NC(=O)N1CC2=C(C1)C(NC(=O)C1=CC=C(C=C1)N1CC[NH+](C)CC1)=NN2,<rdkit.DataStructs.cDataStructs.ExplicitBitVect object at 0x74706743a6c0>,tr,
PD004483,PJ34,Poly [ADP-ribose] polymerase 1,PARP1,single protein,7.7,CN(C)CC(=O)Nc1ccc2[nH]c(=O)c3ccccc3c2c1,295.13,3.0,2.0,3.0,2.18,65.2,PARP,CN(C)CC(=O)Nc1ccc2[nH]c(=O)c3ccccc3c2c1,CN(C)CC(=O)NC1=CC2=C(NC(=O)C3=C2C=CC=C3)C=C1,<rdkit.DataStructs.cDataStructs.ExplicitBitVect object at 0x74706743aea0>,tr,
PD018549,PP 3,Epidermal growth factor receptor,EGFR,single protein,5.57,Nc1ncnc2c1cnn2-c1ccccc1,211.09,5.0,1.0,1.0,1.4,69.62,EGFR,Nc1ncnc2c1cnn2-c1ccccc1,NC1=C2C=NN(C2=NC=N1)C1=CC=CC=C1,<rdkit.DataStructs.cDataStructs.ExplicitBitVect object at 0x74706743b6f0>,tr,
PD073726,PROQUAZONE,Epidermal growth factor receptor,EGFR,single protein,8.7,Cc1ccc2c(-c3ccccc3)nc(=O)n(C(C)C)c2c1,278.14,3.0,0.0,2.0,3.95,34.89,EGFR,Cc1ccc2c(-c3ccccc3)nc(=O)n(C(C)C)c2c1,CC(C)N1C(=O)N=C(C2=CC=CC=C2)C2=CC=C(C)C=C12,<rdkit.DataStructs.cDataStructs.ExplicitBitVect object at 0x74706743b610>,tr,
PD016685,PYROXAMIDE,Histone deacetylase 1,HDAC1,single protein,8.57,O=C(CCCCCCC(O)=NO)Nc1cccnc1,265.14,4.0,3.0,8.0,1.87,91.32,HDAC,O=C(CCCCCCC(O)=NO)Nc1cccnc1,ONC(=O)CCCCCCC(=O)NC1=CC=CN=C1,<rdkit.DataStructs.cDataStructs.ExplicitBitVect object at 0x74706743b450>,tr,
PD078591,Pamiparib,Poly [ADP-ribose] polymerase 2,PARP2,single protein,9.05,C[C@]12CCCN1C=c1[nH][nH]c(=O)c3cc(F)cc4[nH]c2c1c43,298.12,3.0,2.0,0.0,2.08,60.49,PARP,C[C@]12CCCN1C=c1[nH][nH]c(=O)c3cc(F)cc4[nH]c2c1c43,C[C@]12CCCN1CC1=C3C2=NC2=CC(F)=CC(=C32)C(=O)NN1,<rdkit.DataStructs.cDataStructs.ExplicitBitVect object at 0x74706743b840>,tr,
PD011142,QUISINOSTAT,Histone deacetylase 1,HDAC1,single protein,9.96,Cn1cc(CNCC2CCN(c3ncc(C(O)=NO)cn3)CC2)c2ccccc21,394.21,7.0,3.0,6.0,2.09,95.31,HDAC,Cn1cc(CNCC2CCN(c3ncc(C(O)=NO)cn3)CC2)c2ccccc21,CN1C=C(C[NH2+]CC2CCN(CC2)C2=NC=C(C=N2)C(=O)NO)C2=CC=CC=C12,<rdkit.DataStructs.cDataStructs.ExplicitBitVect object at 0x74706743b060>,tr,
PD134065,RBN012759,Protein mono-ADP-ribosyltransferase PARP14,PARP14,single protein,8.52,O=c1[nH]c(CS[C@H]2CC[C@H](O)CC2)nc2cc(OCC3CC3)cc(F)c12,378.14,5.0,2.0,6.0,3.39,75.21,PARP,O=c1[nH]c(CS[C@H]2CC[C@H](O)CC2)nc2cc(OCC3CC3)cc(F)c12,O[C@H]1CC[C@@H](CC1)SCC1=NC2=CC(OCC3CC3)=CC(F)=C2C(=O)N1,<rdkit.DataStructs.cDataStructs.ExplicitBitVect object at 0x74706743b530>,tr,
PD012685,RG-1530,Vascular endothelial growth factor receptor 1,FLT1,single protein,8.05,COc1cc2c(cc1F)C(c1ccccc1Cl)=Nc1c(C)n[nH]c1N2,356.08,5.0,2.0,2.0,3.71,58.01,TYROSINE KINASE,COc1cc2c(cc1F)C(c1ccccc1Cl)=Nc1c(C)n[nH]c1N2,COC1=CC2=C(C=C1F)C(=NC1=C(C)NN=C1N2)C1=CC=CC=C1Cl,<rdkit.DataStructs.cDataStructs.ExplicitBitVect object at 0x74706743bf40>,tr,
PD010362,RG-2833,Histone deacetylase 3,HDAC3,single protein,8.3,Cc1ccc(C(=O)NCCCCCC(=O)Nc2ccccc2N)cc1,339.19,3.0,3.0,8.0,3.51,84.22,HDAC,Cc1ccc(C(=O)NCCCCCC(=O)Nc2ccccc2N)cc1,CC1=CC=C(C=C1)C(=O)NCCCCCC(=O)NC1=CC=CC=C1N,<rdkit.DataStructs.cDataStructs.ExplicitBitVect object at 0x74706743bed0>,tr,
PD051200,RGB-286638,Cyclin-dependent kinase 9,CDK9,single protein,9.0,COCCN1CCN(Cc2ccc(-c3[nH]nc4c3C(=O)c3c(NC(=O)NN5CCOCC5)cccc3-4)cc2)CC1,545.28,8.0,3.0,8.0,2.42,115.06,CDK,COCCN1CCN(Cc2ccc(-c3[nH]nc4c3C(=O)c3c(NC(=O)NN5CCOCC5)cccc3-4)cc2)CC1,COCC[NH+]1CCN(CC2=CC=C(C=C2)C2=NNC3=C2C(=O)C2=C(NC(=O)NN4CCOCC4)C=CC=C32)CC1,<rdkit.DataStructs.cDataStructs.ExplicitBitVect object at 0x74706743bdf0>,tr,
PD010387,RGFP966,Histone deacetylase 3,HDAC3,single protein,7.1,Nc1cc(F)ccc1NC(=O)/C=C/c1cnn(C/C=C/c2ccccc2)c1,362.15,4.0,2.0,6.0,3.97,72.94,HDAC,Nc1cc(F)ccc1NC(=O)/C=C/c1cnn(C/C=C/c2ccccc2)c1,NC1=CC(F)=CC=C1NC(=O)\C=C\C1=CN(C\C=C\C2=CC=CC=C2)N=C1,<rdkit.DataStructs.cDataStructs.ExplicitBitVect object at 0x74706743bd10>,tr,
PD004752,RO-4584820,Cyclin-dependent kinase 16,CDK16,single protein,9.27,COc1ccc(F)c(F)c1C(=O)c1cnc(NC2CCN(S(C)(=O)=O)CC2)nc1N,441.13,8.0,2.0,6.0,1.41,127.51,CDK,COc1ccc(F)c(F)c1C(=O)c1cnc(NC2CCN(S(C)(=O)=O)CC2)nc1N,COC1=CC=C(F)C(F)=C1C(=O)C1=CN=C(NC2CCN(CC2)S(C)(=O)=O)N=C1N,<rdkit.DataStructs.cDataStructs.ExplicitBitVect object at 0x74706743b8b0>,tr,
PD009808,ROSUVASTATIN,3-hydroxy-3-methylglutaryl-coenzyme A reductase,HMGCR,single protein,8.41,CC(C)=c1nc(N(C)S(C)(=O)=O)nc(-c2ccc(F)cc2)c1=CC[C@@H](O)C[C@@H](O)CC(=O)O,481.17,7.0,3.0,10.0,2.4,140.92,HMGCR,CC(C)=c1nc(N(C)S(C)(=O)=O)nc(-c2ccc(F)cc2)c1=CC[C@@H](O)C[C@@H](O)CC(=O)O,CN(C1=NC(=C(C)C)C(=CC[C@@H](O)C[C@@H](O)CC([O-])=O)C(=N1)C1=CC=C(F)C=C1)S(C)(=O)=O,<rdkit.DataStructs.cDataStructs.ExplicitBitVect object at 0x74706743b4c0>,tr,
PD018527,RUCAPARIB,Poly [ADP-ribose] polymerase 1,PARP1,single protein,8.85,CNCc1ccc(-c2[nH]c3cc(F)cc4c3c2CCNC4=O)cc1,323.14,2.0,3.0,3.0,2.98,56.92,PARP,CNCc1ccc(-c2[nH]c3cc(F)cc4c3c2CCNC4=O)cc1,C[NH2+]CC1=CC=C(C=C1)C1=C2CCNC(=O)C3=C2C(N1)=CC(F)=C3,<rdkit.DataStructs.cDataStructs.ExplicitBitVect object at 0x74706743b370>,tr,
PD012836,Ro 3306,Cyclin-dependent kinase 1,CDK1,single protein,7.59,O=C1N=C(NCc2cccs2)S/C1=C\c1ccc2ncccc2c1,351.05,5.0,1.0,3.0,4.06,54.35,CDK,O=C1N=C(NCc2cccs2)S/C1=C\c1ccc2ncccc2c1,O=C1N=C(NCC2=CC=CS2)S\C1=C/C1=CC2=CC=CN=C2C=C1,<rdkit.DataStructs.cDataStructs.ExplicitBitVect object at 0x74706743bca0>,tr,
PD017062,Ryuvidine,Cyclin-dependent kinase 4,CDK4,single protein,8.22,Cc1ccc(N=C2CC(=O)c3sc(C)nc3C2=O)cc1,284.06,5.0,1.0,2.0,3.13,59.06,CDK,Cc1ccc(N=C2CC(=O)c3sc(C)nc3C2=O)cc1,CC1=NC2=C(S1)C(=O)CC(=NC1=CC=C(C)C=C1)C2=O,<rdkit.DataStructs.cDataStructs.ExplicitBitVect object at 0x74706743bae0>,tr,
PD071625,SAR131675,Vascular endothelial growth factor receptor 3,FLT4,single protein,8.92,CCn1c(N)c(C(=O)NC)c(=O)c2ccc(C#C[C@@](C)(O)COC)nc21,358.16,7.0,3.0,4.0,0.11,119.47,TYROSINE KINASE,CCn1c(N)c(C(=O)NC)c(=O)c2ccc(C#C[C@@](C)(O)COC)nc21,CCN1C(N)=C(C(=O)NC)C(=O)C2=CC=C(N=C12)C#C[C@@](C)(O)COC,<rdkit.DataStructs.cDataStructs.ExplicitBitVect object at 0x74706743b7d0>,tr,
PD102936,SCH-1473759,Receptor-type tyrosine-protein kinase FLT3,FLT3,single protein,8.3,CCN(Cc1cc(Nc2nc(C)cn3c(-c4cn[nH]c4)cnc23)sn1)C(C)(C)CO,426.2,9.0,3.0,8.0,3.22,107.26,TYROSINE KINASE,CCN(Cc1cc(Nc2nc(C)cn3c(-c4cn[nH]c4)cnc23)sn1)C(C)(C)CO,CCN(CC1=NSC(NC2=NC(C)=CN3C(=CN=C23)C2=CNN=C2)=C1)C(C)(C)CO,<rdkit.DataStructs.cDataStructs.ExplicitBitVect object at 0x74706743b760>,tr,
PD001216,SIMVASTATIN,3-hydroxy-3-methylglutaryl-coenzyme A reductase,HMGCR,single protein,7.94,CCC(C)(C)C(=O)O[C@H]1C[C@@H](C)C=C2C=C[C@H](C)[C@H](CC[C@@H]3C[C@@H](O)CC(=O)O3)[C@H]21,418.27,5.0,1.0,6.0,4.59,72.83,HMGCR,CCC(C)(C)C(=O)O[C@H]1C[C@@H](C)C=C2C=C[C@H](C)[C@H](CC[C@@H]3C[C@@H](O)CC(=O)O3)[C@H]21,CCC(C)(C)C(=O)O[C@H]1C[C@@H](C)C=C2C=C[C@H](C)[C@H](CC[C@@H]3C[C@@H](O)CC(=O)O3)[C@@H]12,<rdkit.DataStructs.cDataStructs.ExplicitBitVect object at 0x74706743b220>,tr,
PD003662,SNS-032,Cyclin-dependent kinase-like 5,CDKL5,single protein,8.77,CC(C)(C)c1cnc(CSc2cnc(NC(=O)C3CCNCC3)s2)o1,380.13,7.0,2.0,5.0,3.66,80.05,CDK,CC(C)(C)c1cnc(CSc2cnc(NC(=O)C3CCNCC3)s2)o1,CC(C)(C)C1=CN=C(CSC2=CN=C(NC(=O)C3CC[NH2+]CC3)S2)O1,<rdkit.DataStructs.cDataStructs.ExplicitBitVect object at 0x74706743b140>,tr,
PD005309,SNS-314,Cyclin-dependent kinase 8,CDK8,single protein,8.8,O=C(Nc1cccc(Cl)c1)Nc1ncc(CCNc2ncnc3ccsc23)s1,430.04,7.0,3.0,6.0,5.1,91.83,CDK,O=C(Nc1cccc(Cl)c1)Nc1ncc(CCNc2ncnc3ccsc23)s1,ClC1=CC(NC(=O)[N-]C2=NC=C(CCNC3=C4SC=CC4=NC=N3)S2)=CC=C1,<rdkit.DataStructs.cDataStructs.ExplicitBitVect object at 0x74706743b0d0>,tr,
PD078567,SR 4370,Histone deacetylase 3,HDAC3,single protein,8.22,CCCCNNC(=O)c1ccc(-c2cccc(F)c2F)cc1,304.14,2.0,2.0,6.0,3.67,41.13,HDAC,CCCCNNC(=O)c1ccc(-c2cccc(F)c2F)cc1,CCCCNNC(=O)C1=CC=C(C=C1)C1=CC=CC(F)=C1F,<rdkit.DataStructs.cDataStructs.ExplicitBitVect object at 0x74700d1c4040>,tr,
PD002623,SU6656,Aurora kinase C,AURKC,single protein,7.77,CN(C)S(=O)(=O)c1ccc2[nH]c(O)c(C=c3cc4c([nH]3)=CCCC4)c2c1,371.13,3.0,2.0,3.0,2.64,82.27,AURORA KINASE,CN(C)S(=O)(=O)c1ccc2[nH]c(O)c(C=c3cc4c([nH]3)=CCCC4)c2c1,CN(C)S(=O)(=O)C1=CC=C2NC(=O)C(C=C3NC4=CCCCC4=C3)C2=C1,<rdkit.DataStructs.cDataStructs.ExplicitBitVect object at 0x74700d1c40b0>,tr,
PD002646,SU9516,Cyclin-dependent kinase 5,CDK5,single protein,7.66,COc1ccc2c(c1)/C(=C/c1c[nH]cn1)C(=O)N2,241.09,3.0,2.0,2.0,1.91,67.01,CDK,COc1ccc2c(c1)/C(=C/c1c[nH]cn1)C(=O)N2,COC1=CC=C2NC(=O)\C(=C/C3=CNC=N3)C2=C1,<rdkit.DataStructs.cDataStructs.ExplicitBitVect object at 0x74700d1c4120>,tr,
PD014742,SULFAETHIDOLE,RAC-alpha serine/threonine-protein kinase,AKT1,single protein,5.11,CCc1nnc(NS(=O)(=O)c2ccc(N)cc2)s1,284.04,6.0,2.0,4.0,1.48,97.97,AKT,CCc1nnc(NS(=O)(=O)c2ccc(N)cc2)s1,CCC1=NN=C([N-]S(=O)(=O)C2=CC=C(N)C=C2)S1,<rdkit.DataStructs.cDataStructs.ExplicitBitVect object at 0x74700d1c4200>,tr,
PD010560,Sapanisertib,Serine/threonine-protein kinase mTOR,MTOR,single protein,8.93,CC(C)n1nc(-c2ccc3oc(N)nc3c2)c2c(N)ncnc21,309.13,8.0,2.0,2.0,2.38,121.67,MTOR,CC(C)n1nc(-c2ccc3oc(N)nc3c2)c2c(N)ncnc21,CC(C)N1N=C(C2=C(N)N=CN=C12)C1=CC=C2OC(N)=NC2=C1,<rdkit.DataStructs.cDataStructs.ExplicitBitVect object at 0x74700d1c42e0>,tr,
PD069625,Senexin A,Cyclin-dependent kinase 19,CDK19,single protein,6.51,N#Cc1ccc2ncnc(NCCc3ccccc3)c2c1,274.12,4.0,1.0,4.0,3.16,61.6,CDK,N#Cc1ccc2ncnc(NCCc3ccccc3)c2c1,N#CC1=CC2=C(NCCC3=CC=CC=C3)N=CN=C2C=C1,<rdkit.DataStructs.cDataStructs.ExplicitBitVect object at 0x74700d1c4350>,tr,
PD010873,TAK-901,Aurora kinase A,AURKA,single protein,7.74,CCS(=O)(=O)c1cccc(-c2cc(C(=O)NC3CCN(C)CC3)c(C)c3[nH]c4ncc(C)cc4c23)c1,504.22,5.0,2.0,5.0,4.62,95.16,AURORA KINASE,CCS(=O)(=O)c1cccc(-c2cc(C(=O)NC3CCN(C)CC3)c(C)c3[nH]c4ncc(C)cc4c23)c1,CCS(=O)(=O)C1=CC=CC(=C1)C1=CC(C(=O)NC2CC[NH+](C)CC2)=C(C)C2=C1C1=C(N2)N=CC(C)=C1,<rdkit.DataStructs.cDataStructs.ExplicitBitVect object at 0x74700d1c4430>,tr,
PD010641,TALAZOPARIB,Poly [ADP-ribose] polymerase 1,PARP1,single protein,9.22,Cn1ncnc1[C@H]1c2n[nH]c(=O)c3cc(F)cc(c23)N[C@@H]1c1ccc(F)cc1,380.12,6.0,2.0,2.0,2.63,88.49,PARP,Cn1ncnc1[C@H]1c2n[nH]c(=O)c3cc(F)cc(c23)N[C@@H]1c1ccc(F)cc1,CN1N=CN=C1[C@@H]1[C@H](NC2=C3C1=NNC(=O)C3=CC(F)=C2)C1=CC=C(F)C=C1,<rdkit.DataStructs.cDataStructs.ExplicitBitVect object at 0x74700d1c44a0>,tr,
PD016647,TALTOBULIN,Tubulin beta-1 chain,TUBB1,single protein,6.58,CN[C@H](C(=O)N[C@H](C(=O)N(C)[C@H](/C=C(\C)C(=O)O)C(C)C)C(C)(C)C)C(C)(C)c1ccccc1,473.33,4.0,3.0,10.0,3.6,98.74,TUBULIN,CN[C@H](C(=O)N[C@H](C(=O)N(C)[C@H](/C=C(\C)C(=O)O)C(C)C)C(C)(C)C)C(C)(C)c1ccccc1,C[NH2+][C@H](C(=O)N[C@H](C(=O)N(C)[C@H](\C=C(/C)C([O-])=O)C(C)C)C(C)(C)C)C(C)(C)C1=CC=CC=C1,<rdkit.DataStructs.cDataStructs.ExplicitBitVect object at 0x74700d1c4510>,tr,
PD003501,TAMATINIB,Receptor-type tyrosine-protein kinase FLT3,FLT3,single protein,9.15,COc1cc(Nc2ncc(F)c(Nc3ccc4c(n3)NC(=O)C(C)(C)O4)n2)cc(OC)c1OC,470.17,10.0,3.0,7.0,3.63,128.75,TYROSINE KINASE,COc1cc(Nc2ncc(F)c(Nc3ccc4c(n3)NC(=O)C(C)(C)O4)n2)cc(OC)c1OC,COC1=CC(NC2=NC=C(F)C(NC3=CC=C4OC(C)(C)C(=O)NC4=N3)=N2)=CC(OC)=C1OC,<rdkit.DataStructs.cDataStructs.ExplicitBitVect object at 0x74700d1c4580>,tr,
PD016202,TASQUINIMOD,Histone deacetylase 4,HDAC4,single protein,7.76,COc1cccc2c1c(=O)c(C(=O)N(C)c1ccc(C(F)(F)F)cc1)c(O)n2C,406.11,5.0,1.0,3.0,3.55,71.77,HDAC,COc1cccc2c1c(=O)c(C(=O)N(C)c1ccc(C(F)(F)F)cc1)c(O)n2C,COC1=C2C([O-])=C(C(=O)N(C)C3=CC=C(C=C3)C(F)(F)F)C(=O)N(C)C2=CC=C1,<rdkit.DataStructs.cDataStructs.ExplicitBitVect object at 0x74700d1c4660>,tr,
PD010262,TCS 359,Receptor-type tyrosine-protein kinase FLT3,FLT3,single protein,7.38,COc1ccc(C(=O)Nc2sc3c(c2C(N)=O)CCCC3)cc1OC,360.11,5.0,2.0,5.0,3.0,90.65,TYROSINE KINASE,COc1ccc(C(=O)Nc2sc3c(c2C(N)=O)CCCC3)cc1OC,COC1=CC=C(C=C1OC)C(=O)NC1=C(C(N)=O)C2=C(CCCC2)S1,<rdkit.DataStructs.cDataStructs.ExplicitBitVect object at 0x74700d1c4740>,tr,
PD014764,THIOSALICYLIC ACID,Histone deacetylase 8,HDAC8,single protein,4.77,O=C(O)c1ccccc1S,154.01,2.0,2.0,1.0,1.67,37.3,HDAC,O=C(O)c1ccccc1S,[O-]C(=O)C1=CC=CC=C1[S-],<rdkit.DataStructs.cDataStructs.ExplicitBitVect object at 0x74700d1c4900>,tr,
PD036132,THZ1,Cyclin-dependent kinase 7,CDK7,single protein,8.49,CN(C)C/C=C/C(=O)Nc1ccc(C(=O)Nc2cccc(Nc3ncc(Cl)c(-c4c[nH]c5ccccc45)n3)c2)cc1,565.2,6.0,4.0,9.0,6.33,115.04,CDK,CN(C)C/C=C/C(=O)Nc1ccc(C(=O)Nc2cccc(Nc3ncc(Cl)c(-c4c[nH]c5ccccc45)n3)c2)cc1,C[NH+](C)C\C=C\C(=O)NC1=CC=C(C=C1)C(=O)NC1=CC=CC(NC2=NC=C(Cl)C(=N2)C2=CNC3=CC=CC=C23)=C1,<rdkit.DataStructs.cDataStructs.ExplicitBitVect object at 0x74700d1c4970>,tr,
PD086788,TL6-144,Tyrosine-protein kinase JAK3,JAK3,single protein,8.32,C=CC(=O)Nc1cccc(CNc2nc(Nc3ccc(N4CCN(C)CC4)cc3OC)ncc2Cl)c1,507.21,8.0,3.0,9.0,4.37,94.65,JAK,C=CC(=O)Nc1cccc(CNc2nc(Nc3ccc(N4CCN(C)CC4)cc3OC)ncc2Cl)c1,COC1=CC(=CC=C1NC1=NC=C(Cl)C(NCC2=CC(NC(=O)C=C)=CC=C2)=N1)N1CC[NH+](C)CC1,<rdkit.DataStructs.cDataStructs.ExplicitBitVect object at 0x74700d1c4ba0>,tr,
PD016549,TMP 195,Histone deacetylase 9,HDAC9,single protein,8.21,CC(C)(CNC(=O)c1cccc(-c2noc(C(F)(F)F)n2)c1)c1coc(-c2ccccc2)n1,456.14,6.0,1.0,6.0,5.12,94.05,HDAC,CC(C)(CNC(=O)c1cccc(-c2noc(C(F)(F)F)n2)c1)c1coc(-c2ccccc2)n1,CC(C)(CNC(=O)C1=CC=CC(=C1)C1=NOC(=N1)C(F)(F)F)C1=COC(=N1)C1=CC=CC=C1,<rdkit.DataStructs.cDataStructs.ExplicitBitVect object at 0x74700d1c4c10>,tr,
PD002651,TPCA-1,Tyrosine-protein kinase JAK2,JAK2,single protein,7.98,NC(=O)Nc1sc(-c2ccc(F)cc2)cc1C(N)=O,279.05,3.0,3.0,3.0,2.14,98.21,JAK,NC(=O)Nc1sc(-c2ccc(F)cc2)cc1C(N)=O,NC(=O)NC1=C(C=C(S1)C1=CC=C(F)C=C1)C(N)=O,<rdkit.DataStructs.cDataStructs.ExplicitBitVect object at 0x74700d1c4d60>,tr,
PD019678,TRANS-ASARONE,3-hydroxy-3-methylglutaryl-coenzyme A reductase,HMGCR,single protein,6.34,C/C=C/c1cc(OC)c(OC)cc1OC,208.11,3.0,0.0,4.0,2.75,27.69,HMGCR,C/C=C/c1cc(OC)c(OC)cc1OC,COC1=CC(OC)=C(OC)C=C1\C=C\C,<rdkit.DataStructs.cDataStructs.ExplicitBitVect object at 0x74700d1c4dd0>,tr,
PD010809,TUBACIN,Histone deacetylase 6,HDAC6,single protein,8.4,O=C(CCCCCCC(O)=NO)Nc1ccc([C@@H]2O[C@H](c3ccc(CO)cc3)C[C@H](CSc3nc(-c4ccccc4)c(-c4ccccc4)o3)O2)cc1,721.28,9.0,4.0,16.0,8.62,143.15,HDAC,O=C(CCCCCCC(O)=NO)Nc1ccc([C@H]2O[C@@H](CSc3nc(-c4ccccc4)c(-c4ccccc4)o3)C[C@@H](c3ccc(CO)cc3)O2)cc1,OCC1=CC=C(C=C1)[C@@H]1C[C@H](CSC2=NC(=C(O2)C2=CC=CC=C2)C2=CC=CC=C2)O[C@@H](O1)C1=CC=C(NC(=O)CCCCCCC(=O)NO)C=C1,<rdkit.DataStructs.cDataStructs.ExplicitBitVect object at 0x74700d1c4e40>,tr,
PD003582,Tubastatin-A,Polyamine deacetylase HDAC10,HDAC10,single protein,7.9,CN1CCc2c(c3ccccc3n2Cc2ccc(C(O)=NO)cc2)C1,335.16,4.0,2.0,3.0,2.8,57.5,HDAC,CN1CCc2c(c3ccccc3n2Cc2ccc(C(O)=NO)cc2)C1,CN1CCC2=C(C1)C1=CC=CC=C1N2CC1=CC=C(C=C1)C(O)N=O,<rdkit.DataStructs.cDataStructs.ExplicitBitVect object at 0x74700d1c4eb0>,tr,
PD014997,Tyrphostin AG 555,Epidermal growth factor receptor,EGFR,single protein,6.16,N#C/C(=C\c1ccc(O)c(O)c1)C(=O)NCCCc1ccccc1,322.13,4.0,3.0,6.0,2.75,93.35,EGFR,N#C/C(=C\c1ccc(O)c(O)c1)C(=O)NCCCc1ccccc1,OC1=CC=C(\C=C(/C#N)C(=O)NCCCC2=CC=CC=C2)C=C1O,<rdkit.DataStructs.cDataStructs.ExplicitBitVect object at 0x74700d1c4f20>,tr,
PD010471,UPF 1069,Poly [ADP-ribose] polymerase 1,PARP1,single protein,6.92,O=C(COc1cccc2c(=O)[nH]ccc12)c1ccccc1,279.09,3.0,1.0,4.0,2.79,59.16,PARP,O=C(COc1cccc2c(=O)[nH]ccc12)c1ccccc1,O=C(COC1=C2C=CNC(=O)C2=CC=C1)C1=CC=CC=C1,<rdkit.DataStructs.cDataStructs.ExplicitBitVect object at 0x74700d1c5000>,tr,
PD116269,WAY-249486,Histone deacetylase 6,HDAC6,single protein,4.89,Cc1cc(=O)[nH]c(SCC(=O)c2ccc(Cl)cc2)n1,294.02,5.0,1.0,4.0,3.12,63.08,HDAC,Cc1cc(=O)[nH]c(SCC(=O)c2ccc(Cl)cc2)n1,CC1=CC([O-])=NC(SCC(=O)C2=CC=C(Cl)C=C2)=N1,<rdkit.DataStructs.cDataStructs.ExplicitBitVect object at 0x74700d1c5230>,tr,
PD115430,WAY-296800,Epidermal growth factor receptor,EGFR,single protein,4.09,Cc1ccc(-n2c(SCC(=O)Nc3ccccc3Cl)nc3sc(C)c(C)c3c2=O)cc1,469.07,6.0,1.0,5.0,5.76,63.99,EGFR,Cc1ccc(-n2c(SCC(=O)Nc3ccccc3Cl)nc3sc(C)c(C)c3c2=O)cc1,CC1=C(C)C2=C(S1)N=C(SCC(=O)NC1=CC=CC=C1Cl)N(C2=O)C1=CC=C(C)C=C1,<rdkit.DataStructs.cDataStructs.ExplicitBitVect object at 0x74700d1c52a0>,tr,
PD108710,WAY-300315,DNA topoisomerase 3,TOPB,single protein,6.2,Cc1ccc(Nc2cc(=O)[nH]c(=O)[nH]2)cc1Cl,251.05,3.0,3.0,2.0,1.77,77.75,TOPOISOMERASE,Cc1ccc(Nc2cc(=O)[nH]c(=O)[nH]2)cc1Cl,CC1=CC=C(NC2=CC(=O)NC(=O)N2)C=C1Cl,<rdkit.DataStructs.cDataStructs.ExplicitBitVect object at 0x74700d1c5380>,tr,
PD103818,WAY-322406,Tyrosine-protein kinase JAK2,JAK2,single protein,4.97,c1ccc2c(CN3CCCCCC3)c[nH]c2c1,228.16,1.0,1.0,2.0,3.54,19.03,JAK,c1ccc2c(CN3CCCCCC3)c[nH]c2c1,C([NH+]1CCCCCC1)C1=CNC2=CC=CC=C12,<rdkit.DataStructs.cDataStructs.ExplicitBitVect object at 0x74700d1c53f0>,tr,
PD010886,WAY-600,Serine/threonine-protein kinase mTOR,MTOR,single protein,8.05,c1cncc(CN2CCC(n3ncc4c(N5CCOCC5)nc(-c5ccc6[nH]ccc6c5)nc43)CC2)c1,494.25,8.0,1.0,5.0,4.04,87.99,MTOR,c1cncc(CN2CCC(n3ncc4c(N5CCOCC5)nc(-c5ccc6[nH]ccc6c5)nc43)CC2)c1,C([NH+]1CCC(CC1)N1N=CC2=C(N=C(N=C12)C1=CC=C2NC=CC2=C1)N1CCOCC1)C1=CC=CN=C1,<rdkit.DataStructs.cDataStructs.ExplicitBitVect object at 0x74700d1c54d0>,tr,
PD011960,WOGONIN,Cyclin-dependent kinase 9,CDK9,single protein,6.72,COc1c(O)cc(O)c2c(=O)cc(-c3ccccc3)oc12,284.07,5.0,2.0,2.0,2.88,79.9,CDK,COc1c(O)cc(O)c2c(=O)cc(-c3ccccc3)oc12,COC1=C2OC(=CC(=O)C2=C(O)C=C1[O-])C1=CC=CC=C1,<rdkit.DataStructs.cDataStructs.ExplicitBitVect object at 0x74700d1c55b0>,tr,
PD010899,WYE-125132,Serine/threonine-protein kinase mTOR,MTOR,single protein,9.68,CNC(=O)Nc1ccc(-c2nc(N3CC4CCC(C3)O4)c3cnn(C4CCC5(CC4)OCCO5)c3n2)cc1,519.26,9.0,2.0,4.0,3.47,115.66,MTOR,CNC(=O)Nc1ccc(-c2nc(N3CC4CCC(C3)O4)c3cnn(C4CCC5(CC4)OCCO5)c3n2)cc1,CNC(=O)NC1=CC=C(C=C1)C1=NC(N2CC3CCC(C2)O3)=C2C=NN(C3CCC4(CC3)OCCO4)C2=N1,<rdkit.DataStructs.cDataStructs.ExplicitBitVect object at 0x74700d1c5690>,tr,
PD011107,WZ3146,Epidermal growth factor receptor,EGFR,single protein,8.17,C=CC(=O)Nc1cccc(Oc2nc(Nc3ccc(N4CCN(C)CC4)cc3)ncc2Cl)c1,464.17,7.0,2.0,7.0,4.54,82.62,EGFR,C=CC(=O)Nc1cccc(Oc2nc(Nc3ccc(N4CCN(C)CC4)cc3)ncc2Cl)c1,C[NH+]1CCN(CC1)C1=CC=C(NC2=NC=C(Cl)C(OC3=CC(NC(=O)C=C)=CC=C3)=N2)C=C1,<rdkit.DataStructs.cDataStructs.ExplicitBitVect object at 0x74700d1c5770>,tr,
PD010645,XL019,Tyrosine-protein kinase JAK2,JAK2,single protein,8.66,O=C(Nc1ccc(-c2ccnc(Nc3ccc(N4CCOCC4)cc3)n2)cc1)[C@@H]1CCCN1,444.23,7.0,3.0,6.0,3.41,91.41,JAK,O=C(Nc1ccc(-c2ccnc(Nc3ccc(N4CCOCC4)cc3)n2)cc1)[C@@H]1CCCN1,O=C(NC1=CC=C(C=C1)C1=CC=NC(NC2=CC=C(C=C2)N2CCOCC2)=N1)[C@@H]1CCC[NH2+]1,<rdkit.DataStructs.cDataStructs.ExplicitBitVect object at 0x74700d1c58c0>,tr,
PD021598,XL388,Serine/threonine-protein kinase mTOR,MTOR,single protein,8.0,Cc1c(C(=O)N2CCOc3ccc(-c4ccc(N)nc4)cc3C2)ccc(S(C)(=O)=O)c1F,455.13,6.0,1.0,3.0,3.22,102.59,MTOR,Cc1c(C(=O)N2CCOc3ccc(-c4ccc(N)nc4)cc3C2)ccc(S(C)(=O)=O)c1F,CC1=C(C=CC(=C1F)S(C)(=O)=O)C(=O)N1CCOC2=CC=C(C=C2C1)C1=CC=C(N)N=C1,<rdkit.DataStructs.cDataStructs.ExplicitBitVect object at 0x74700d1c5930>,tr,
PD017710,aurora kinase inhibitor II,Aurora kinase A,AURKA,single protein,6.51,COc1cc2ncnc(Nc3ccc(NC(=O)c4ccccc4)cc3)c2cc1OC,400.15,6.0,2.0,6.0,4.64,85.37,AURORA KINASE,COc1cc2ncnc(Nc3ccc(NC(=O)c4ccccc4)cc3)c2cc1OC,COC1=CC2=NC=NC(NC3=CC=C(NC(=O)C4=CC=CC=C4)C=C3)=C2C=C1OC,<rdkit.DataStructs.cDataStructs.ExplicitBitVect object at 0x74700d1c5af0>,tr,
PD005086,aurora kinase inhibitor III,Aurora kinase A,AURKA,single protein,7.38,O=C(Nc1cccc(Nc2nccc(Nc3cccc(C(F)(F)F)c3)n2)c1)C1CC1,413.15,5.0,3.0,6.0,5.33,78.94,AURORA KINASE,O=C(Nc1cccc(Nc2nccc(Nc3cccc(C(F)(F)F)c3)n2)c1)C1CC1,FC(F)(F)C1=CC(NC2=NC(NC3=CC(NC(=O)C4CC4)=CC=C3)=NC=C2)=CC=C1,<rdkit.DataStructs.cDataStructs.ExplicitBitVect object at 0x74700d1c5b60>,tr,
PD006806,butyric acid,Histone deacetylase 3,HDAC3,single protein,5.05,CCCC(=O)O,88.05,1.0,1.0,2.0,0.87,37.3,HDAC,CCCC(=O)O,CCCC([O-])=O,<rdkit.DataStructs.cDataStructs.ExplicitBitVect object at 0x74700d1c5c40>,tr,
PD009842,daunorubicin,Histone deacetylase 6,HDAC6,single protein,7.7,COc1cccc2c(O)c3c(c(O)c12)C(=O)C1=C(C[C@@](O)(C(C)=O)C[C@@H]1O[C@H]1C[C@H](N)[C@H](O)[C@H](C)O1)C3=O,527.18,11.0,5.0,4.0,1.03,185.84,HDAC,COc1cccc2c(O)c3c(c(O)c12)C(=O)C1=C(C[C@@](O)(C(C)=O)C[C@@H]1O[C@H]1C[C@H](N)[C@H](O)[C@H](C)O1)C3=O,COC1=CC=CC2=C(O)C3=C(C(O)=C12)C(=O)C1=C(C[C@](O)(C[C@@H]1O[C@H]1C[C@H]([NH3+])[C@H](O)[C@H](C)O1)C(C)=O)C3=O,<rdkit.DataStructs.cDataStructs.ExplicitBitVect object at 0x74700d1c5d90>,tr,
PD021556,denfivontinib,Receptor-type tyrosine-protein kinase FLT3,FLT3,single protein,9.4,CN1CCC(Nc2nc(Nc3ccc(Oc4ccccc4)cc3)c3c(=O)[nH]cc(Br)c3n2)CC1,520.12,7.0,3.0,6.0,5.12,95.17,TYROSINE KINASE,CN1CCC(Nc2nc(Nc3ccc(Oc4ccccc4)cc3)c3c(=O)[nH]cc(Br)c3n2)CC1,C[NH+]1CCC(CC1)NC1=[NH+]C2=C(Br)C=NC(=O)C2=C(NC2=CC=C(OC3=CC=CC=C3)C=C2)N1,<rdkit.DataStructs.cDataStructs.ExplicitBitVect object at 0x74700d1c5e00>,tr,
PD000493,dexrazoxane,DNA topoisomerase 2-alpha,TOP2A,single protein,4.4,C[C@@H](CN1CC(=O)NC(=O)C1)N1CC(=O)NC(=O)C1,268.12,6.0,2.0,3.0,-2.71,98.82,TOPOISOMERASE,C[C@@H](CN1CC(=O)NC(=O)C1)N1CC(=O)NC(=O)C1,C[C@@H](CN1CC(=O)NC(=O)C1)N1CC(=O)NC(=O)C1,<rdkit.DataStructs.cDataStructs.ExplicitBitVect object at 0x74700d1c5e70>,tr,
PD102592,golidocitinib,Tyrosine-protein kinase JAK1,JAK1,single protein,7.15,COc1nn(C)cc1Nc1nccc(-c2c[nH]c3c(NC(=O)[C@@H](C)N4CCN(C)CC4)cccc23)n1,489.26,9.0,3.0,7.0,2.69,116.23,JAK,COc1nn(C)cc1Nc1nccc(-c2c[nH]c3c(NC(=O)[C@@H](C)N4CCN(C)CC4)cccc23)n1,COC1=NN(C)C=C1NC1=NC=CC(=N1)C1=CNC2=C(NC(=O)[C@@H](C)N3CC[NH+](C)CC3)C=CC=C12,<rdkit.DataStructs.cDataStructs.ExplicitBitVect object at 0x74700d1c6030>,tr,
PD050459,ilginatinib,Tyrosine-protein kinase JAK2,JAK2,single protein,9.14,C[C@H](Nc1cc(-c2cnn(C)c2)cc(Nc2cnccn2)n1)c1ccc(F)cc1,389.18,7.0,2.0,6.0,4.33,80.55,JAK,C[C@H](Nc1cc(-c2cnn(C)c2)cc(Nc2cnccn2)n1)c1ccc(F)cc1,C[C@H](NC1=CC(=CC(NC2=CN=CC=N2)=N1)C1=CN(C)N=C1)C1=CC=C(F)C=C1,<rdkit.DataStructs.cDataStructs.ExplicitBitVect object at 0x74700d1c60a0>,tr,
PD131734,mefuparib,Poly [ADP-ribose] polymerase 2,PARP2,single protein,8.72,CNCc1ccc(-c2cc3cc(F)cc(C(N)=O)c3o2)cc1,298.11,3.0,2.0,4.0,3.06,68.26,PARP,CNCc1ccc(-c2cc3cc(F)cc(C(N)=O)c3o2)cc1,C[NH2+]CC1=CC=C(C=C1)C1=CC2=CC(F)=CC(C(N)=O)=C2O1,<rdkit.DataStructs.cDataStructs.ExplicitBitVect object at 0x74700d1c62d0>,tr,
PD053553,miransertib,RAC-alpha serine/threonine-protein kinase,AKT1,single protein,8.6,Nc1ncccc1-c1nc2ccc(-c3ccccc3)nc2n1-c1ccc(C2(N)CCC2)cc1,432.21,6.0,2.0,4.0,5.07,95.64,AKT,Nc1ncccc1-c1nc2ccc(-c3ccccc3)nc2n1-c1ccc(C2(N)CCC2)cc1,NC1=NC=CC=C1C1=NC2=CC=C(N=C2N1C1=CC=C(C=C1)C1([NH3+])CCC1)C1=CC=CC=C1,<rdkit.DataStructs.cDataStructs.ExplicitBitVect object at 0x74700d1c63b0>,tr,
PD060787,mivavotinib,Receptor-type tyrosine-protein kinase FLT3,FLT3,single protein,8.34,Cn1cc(-c2nc(N[C@@H]3CCCC[C@@H]3N)c(F)c3c2C(=O)NC3)cn1,344.18,6.0,3.0,3.0,1.55,97.86,TYROSINE KINASE,Cn1cc(-c2nc(N[C@@H]3CCCC[C@@H]3N)c(F)c3c2C(=O)NC3)cn1,CN1C=C(C=N1)C1=NC(N[C@@H]2CCCC[C@@H]2[NH3+])=C(F)C2=C1C(=O)NC2,<rdkit.DataStructs.cDataStructs.ExplicitBitVect object at 0x74700d1c6420>,tr,
PD010994,pracinostat,Histone deacetylase 4,HDAC4,single protein,7.8,CCCCc1nc2cc(/C=C/C(O)=NO)ccc2n1CCN(CC)CC,358.24,5.0,2.0,10.0,3.24,70.39,HDAC,CCCCc1nc2cc(/C=C/C(O)=NO)ccc2n1CCN(CC)CC,CCCCC1=NC2=CC(CCC(=O)N=O)=CC=C2N1CC[NH+](CC)CC,<rdkit.DataStructs.cDataStructs.ExplicitBitVect object at 0x74700d1c6500>,tr,
PD010883,resminostat,Histone deacetylase 1,HDAC1,single protein,7.37,CN(C)Cc1ccc(S(=O)(=O)n2ccc(/C=C/C(O)=NO)c2)cc1,349.11,6.0,2.0,6.0,1.31,91.64,HDAC,CN(C)Cc1ccc(S(=O)(=O)n2ccc(/C=C/C(O)=NO)c2)cc1,C[NH+](C)CC1=CC=C(C=C1)S(=O)(=O)N1C=CC(CCC(=O)N=O)=C1,<rdkit.DataStructs.cDataStructs.ExplicitBitVect object at 0x74700d1c6650>,tr,
PD057965,ritlecitinib,Tyrosine-protein kinase JAK3,JAK3,single protein,7.17,C=CC(=O)N1C[C@H](Nc2ncnc3[nH]ccc23)CC[C@@H]1C,285.16,4.0,2.0,3.0,1.94,73.91,JAK,C=CC(=O)N1C[C@H](Nc2ncnc3[nH]ccc23)CC[C@@H]1C,C[C@H]1CC[C@H](CN1C(=O)C=C)NC1=C2C=CNC2=NC=[NH+]1,<rdkit.DataStructs.cDataStructs.ExplicitBitVect object at 0x74700d1c66c0>,tr,
PD010275,santacruzamate A,Histone deacetylase 2,HDAC2,single protein,9.92,CCOC(=O)NCCCC(=O)NCCc1ccccc1,278.16,3.0,2.0,8.0,1.87,67.43,HDAC,CCOC(=O)NCCCC(=O)NCCc1ccccc1,CCOC(=O)NCCCC(=O)NCCC1=CC=CC=C1,<rdkit.DataStructs.cDataStructs.ExplicitBitVect object at 0x74700d1c67a0>,tr,
PD006326,trichostatin A,Histone deacetylase 1,HDAC1,single protein,9.7,CC(/C=C/C(O)=NO)=C\[C@@H](C)C(=O)c1ccc(N(C)C)cc1,302.16,4.0,2.0,6.0,2.58,69.64,HDAC,CC(/C=C/C(O)=NO)=C\[C@@H](C)C(=O)c1ccc(N(C)C)cc1,C[C@H](\C=C(/C)CCC(=O)N=O)C(=O)C1=CC=C(C=C1)N(C)C,<rdkit.DataStructs.cDataStructs.ExplicitBitVect object at 0x74700d1c68f0>,tr,
PD048247,upadacitinib,Tyrosine-protein kinase JAK1,JAK1,single protein,7.94,CC[C@@H]1CN(C(=O)NCC(F)(F)F)C[C@@H]1c1cnc2cnc3[nH]ccc3n12,380.16,4.0,2.0,3.0,2.91,78.32,JAK,CC[C@@H]1CN(C(=O)NCC(F)(F)F)C[C@@H]1c1cnc2cnc3[nH]ccc3n12,CC[C@@H]1CN(C[C@@H]1C1=CN=C2C=NC3=C(C=CN3)N12)C(=O)NCC(F)(F)F,<rdkit.DataStructs.cDataStructs.ExplicitBitVect object at 0x74700d1c69d0>,tr,
,Idarubicin,,,,,CC(=O)[C@]1(O)C=C2C(=O)c3c(c(O)c4ccccc4c3O)C(=O)C2[C@@H](O[C@H]2C[C@H](N)[C@H](O)[C@H](C)O2)C1,,,,,,,TOPOISOMERASE,CC(=O)[C@]1(O)C=C2C(=O)c3c(c(O)c4ccccc4c3O)C(=O)C2[C@@H](O[C@H]2C[C@H](N)[C@H](O)[C@H](C)O2)C1,C[C@@H]1O[C@H](C[C@H]([NH3+])[C@@H]1O)O[C@H]1C[C@@](O)(C=C2C1C(=O)C1=C(O)C3=CC=CC=C3C(O)=C1C2=O)C(C)=O,<rdkit.DataStructs.cDataStructs.ExplicitBitVect object at 0x74700d1c6b20>,tr,
,Camptothecin,,,,,CC[C@@]1(O)C(=O)OCc2c1cc1n(c2=O)Cc2cc3ccccc3nc2-1,,,,,,,TOPOISOMERASE,CC[C@@]1(O)C(=O)OCc2c1cc1n(c2=O)Cc2cc3ccccc3nc2-1,CC[C@@]1(O)C(=O)OCC2=C1C=C1N(CC3=CC4=CC=CC=C4N=C13)C2=O,<rdkit.DataStructs.cDataStructs.ExplicitBitVect object at 0x74700d1c6b90>,tr,
,Mitoxantrone,,,,,O=C1C=CC(=O)c2c1c(O)c1c(NCCNCCO)ccc(NCCNCCO)c1c2O,,,,,,,TOPOISOMERASE,O=C1C=CC(=O)c2c1c(O)c1c(NCCNCCO)ccc(NCCNCCO)c1c2O,OCC[NH2+]CCNC1=C2C(O)=C3C(=O)C=CC(=O)C3=C(O)C2=C(NCC[NH2+]CCO)C=C1,<rdkit.DataStructs.cDataStructs.ExplicitBitVect object at 0x74700d1c6c00>,tr,
,Amonafide,,,,,CN(C)CCN1C(=O)c2cccc3cc(N)cc(c23)C1=O,,,,,,,TOPOISOMERASE,CN(C)CCN1C(=O)c2cccc3cc(N)cc(c23)C1=O,C[NH+](C)CCN1C(=O)C2=CC=CC3=CC(N)=CC(C1=O)=C23,<rdkit.DataStructs.cDataStructs.ExplicitBitVect object at 0x74700d1c6e30>,tr,
,Teniposide,,,,,COc1cc([C@@H]2c3cc4c(cc3[C@@H](O[C@@H]3O[C@@H]5CO[C@@H](c6cccs6)O[C@H]5[C@H](O)[C@H]3O)[C@H]3COC(=O)[C@H]23)OCO4)cc(OC)c1O,,,,,,,TOPOISOMERASE,COc1cc([C@@H]2c3cc4c(cc3[C@@H](O[C@@H]3O[C@@H]5CO[C@@H](c6cccs6)O[C@H]5[C@H](O)[C@H]3O)[C@H]3COC(=O)[C@H]23)OCO4)cc(OC)c1O,COC1=CC(=CC(OC)=C1O)[C@H]1[C@@H]2[C@H](COC2=O)[C@H](O[C@@H]2O[C@@H]3CO[C@H](O[C@H]3[C@H](O)[C@H]2O)C2=CC=CS2)C2=CC3=C(OCO3)C=C12,<rdkit.DataStructs.cDataStructs.ExplicitBitVect object at 0x74700d1c6ea0>,tr,
,Amsacrine,,,,,COc1cc(NS(C)(=O)=O)ccc1Nc1c2ccccc2nc2ccccc12,,,,,,,TOPOISOMERASE,COc1cc(NS(C)(=O)=O)ccc1Nc1c2ccccc2nc2ccccc12,COC1=CC(NS(C)(=O)=O)=CC=C1NC1=C2C=CC=CC2=[NH+]C2=CC=CC=C12,<rdkit.DataStructs.cDataStructs.ExplicitBitVect object at 0x74700d1c70d0>,tr,
,Pixantrone,,,,,NCCNc1ccc(NCCN)c2c1C(=O)c1ccncc1C2=O,,,,,,,TOPOISOMERASE,NCCNc1ccc(NCCN)c2c1C(=O)c1ccncc1C2=O,[NH3+]CCNC1=CC=C(NCC[NH3+])C2=C1C(=O)C1=CC=NC=C1C2=O,<rdkit.DataStructs.cDataStructs.ExplicitBitVect object at 0x74700d1c7140>,tr,
,Perifosine,,,,,CCCCCCCCCCCCCCCCCCOP(=O)([O-])OC1CC[N+](C)(C)CC1,,,,,,,AKT,CCCCCCCCCCCCCCCCCCOP(=O)([O-])OC1CC[N+](C)(C)CC1,CCCCCCCCCCCCCCCCCCOP([O-])(=O)OC1CC[N+](C)(C)CC1,<rdkit.DataStructs.cDataStructs.ExplicitBitVect object at 0x74700d1c71b0>,tr,
,Triciribine,,,,,CN1N=C(N)c2cn([C@@H]3O[C@H](CO)[C@@H](O)[C@H]3O)c3ncnc1c23,,,,,,,AKT,CN1N=C(N)c2cn([C@@H]3O[C@H](CO)[C@@H](O)[C@H]3O)c3ncnc1c23,CN1[NH+]=C(N)C2=CN([C@@H]3O[C@H](CO)[C@@H](O)[C@H]3O)C3=C2C1=NC=N3,<rdkit.DataStructs.cDataStructs.ExplicitBitVect object at 0x74700d1c7290>,tr,
,GSK-690693,,,,,CCn1c(-c2nonc2N)nc2c(C#CC(C)(C)O)ncc(OC[C@H]3CCCNC3)c21,,,,,,,AKT,CCn1c(-c2nonc2N)nc2c(C#CC(C)(C)O)ncc(OC[C@H]3CCCNC3)c21,CCN1C(=NC2=C(N=CC(OC[C@H]3CCC[NH2+]C3)=C12)C#CC(C)(C)O)C1=NON=C1N,<rdkit.DataStructs.cDataStructs.ExplicitBitVect object at 0x74700d1c7300>,tr,
,Vatalanib,,,,,Clc1ccc(Nc2nnc(Cc3ccncc3)c3ccccc23)cc1,,,,,,,TYROSINE KINASE,Clc1ccc(Nc2nnc(Cc3ccncc3)c3ccccc23)cc1,ClC1=CC=C(NC2=C3C=CC=CC3=C(CC3=CC=NC=C3)N=N2)C=C1,<rdkit.DataStructs.cDataStructs.ExplicitBitVect object at 0x74700d1c7370>,tr,
,Apatinib,,,,,N#CC1(c2ccc(NC(=O)c3cccnc3NCc3ccncc3)cc2)CCCC1,,,,,,,TYROSINE KINASE,N#CC1(c2ccc(NC(=O)c3cccnc3NCc3ccncc3)cc2)CCCC1,O=C(NC1=CC=C(C=C1)C1(CCCC1)C#N)C1=CC=CN=C1NCC1=CC=NC=C1,<rdkit.DataStructs.cDataStructs.ExplicitBitVect object at 0x74700d1c7450>,tr,
